transaction_id,customer_id,product_id,product_name,category,price,quantity,discount,date,region,sale_date,total_value,discount_amount,revenue_tier
T0001,C032,P05,Desk,Furniture,189.0,7,0.05,2023-12-14T00:00:00Z,East,2023-12-14,1256.85,66.15,Standard
T0002,C064,P01,Laptop,Electronics,999.99,9,0.2,2023/10/30 00:00:00,South,2023-10-30,7199.93,1799.98,Premium
T0003,C041,P05,Desk,Furniture,189.0,8,0.15,2023-06-26,South,2023-06-26,1285.2,226.8,Standard
T0004,C027,P07,Webcam,Electronics,79.99,9,0.0,2023-03-08T00:00:00Z,West,2023-03-08,719.91,0.0,Standard
T0005,C026,P04,Keyboard,Accessories,49.9,3,0.05,2023/06/28 00:00:00,South,2023-06-28,142.21,7.48,Basic
T0006,C055,P02,Mouse,Accessories,19.99,4,0.05,2023/05/18 00:00:00,West,2023-05-18,75.96,4.0,Basic
T0007,C002,P02,Mouse,Accessories,19.99,2,0.0,2023/12/03 00:00:00,North,2023-12-03,39.98,0.0,Basic
T0008,C097,P06,Chair,Furniture,249.0,10,0.1,2023-02-01,North,2023-02-01,2241.0,249.0,Premium
T0009,UNKNOWN,P02,Mouse,Accessories,19.99,5,0.0,2023-04-18,West,2023-04-18,99.95,0.0,Basic
T0010,C005,P08,Headset,Accessories,59.99,9,0.15,2023/07/28 00:00:00,North,2023-07-28,458.92,80.99,Basic
T0011,C047,P08,Headset,Accessories,59.99,4,0.0,2023/10/27 00:00:00,South,2023-10-27,239.96,0.0,Basic
T0012,UNKNOWN,P04,Keyboard,Accessories,49.9,4,0.05,2023/02/16 00:00:00,North,2023-02-16,189.62,9.98,Basic
T0013,C034,P01,Laptop,Electronics,999.99,7,0.1,2023-07-26T00:00:00Z,West,2023-07-26,6299.94,699.99,Premium
T0014,C057,P08,Headset,Accessories,59.99,1,0.15,2023-05-23,West,2023-05-23,50.99,9.0,Basic
T0015,C049,P04,Keyboard,Accessories,49.9,9,0.0,2023/01/28 00:00:00,North,2023-01-28,449.1,0.0,Basic
T0016,C037,P06,Chair,Furniture,249.0,3,0.1,2023-09-10,South,2023-09-10,672.3,74.7,Standard
T0017,C048,P02,Mouse,Accessories,19.99,5,0.05,2023-05-25,West,2023-05-25,94.95,5.0,Basic
T0018,C001,P03,Monitor,Electronics,299.5,10,0.0,2023-06-23,North,2023-06-23,2995.0,0.0,Premium
T0019,C085,P05,Desk,Furniture,189.0,4,0.0,2023/02/24 00:00:00,South,2023-02-24,756.0,0.0,Standard
T0020,C043,P02,Mouse,Accessories,19.99,10,0.1,2023-01-05T00:00:00Z,West,2023-01-05,179.91,19.99,Basic
T0021,C094,P05,Desk,Furniture,189.0,9,0.1,2023/07/11 00:00:00,East,2023-07-11,1530.9,170.1,Standard
T0022,C050,P01,Laptop,Electronics,999.99,4,0.1,2023-03-06,South,2023-03-06,3599.96,400.0,Premium
T0023,C046,P08,Headset,Accessories,59.99,10,0.1,2023/04/15 00:00:00,South,2023-04-15,539.91,59.99,Standard
T0024,C036,P03,Monitor,Electronics,299.5,7,0.05,2023-11-13T00:00:00Z,East,2023-11-13,1991.68,104.82,Standard
T0025,C009,P02,Mouse,Accessories,19.99,9,0.1,2023/08/16 00:00:00,East,2023-08-16,161.92,17.99,Basic
T0026,C031,P08,Headset,Accessories,59.99,5,0.0,2023/11/16 00:00:00,East,2023-11-16,299.95,0.0,Basic
T0027,C091,P03,Monitor,Electronics,299.5,3,0.0,2023-08-20T00:00:00Z,South,2023-08-20,898.5,0.0,Standard
T0028,C092,P06,Chair,Furniture,249.0,9,0.0,2023-11-01T00:00:00Z,East,2023-11-01,2241.0,0.0,Premium
T0029,C065,P04,Keyboard,Accessories,49.9,3,0.0,2023-10-04T00:00:00Z,North,2023-10-04,149.7,0.0,Basic
T0030,C004,P06,Chair,Furniture,249.0,9,0.05,2023-02-03T00:00:00Z,North,2023-02-03,2128.95,112.05,Premium
T0031,C023,P06,Chair,Furniture,249.0,9,0.15,2023-06-18,West,2023-06-18,1904.85,336.15,Standard
T0032,C087,P05,Desk,Furniture,189.0,4,0.0,2023/03/01 00:00:00,West,2023-03-01,756.0,0.0,Standard
T0033,C033,P07,Webcam,Electronics,79.99,3,0.0,2023-07-09T00:00:00Z,North,2023-07-09,239.97,0.0,Basic
T0034,C090,P06,Chair,Furniture,249.0,8,0.0,2023/02/03 00:00:00,East,2023-02-03,1992.0,0.0,Standard
T0035,C051,P02,Mouse,Accessories,19.99,2,0.2,2023-05-06T00:00:00Z,West,2023-05-06,31.98,8.0,Basic
T0036,C026,P05,Desk,Furniture,189.0,2,0.1,2023-01-31,East,2023-01-31,340.2,37.8,Basic
T0037,C044,P06,Chair,Furniture,249.0,3,0.15,2023/11/15 00:00:00,West,2023-11-15,634.95,112.05,Standard
T0038,C030,P06,Chair,Furniture,249.0,3,0.0,2023-09-16,East,2023-09-16,747.0,0.0,Standard
T0039,C100,P05,Desk,Furniture,189.0,10,0.1,2023/10/07 00:00:00,South,2023-10-07,1701.0,189.0,Standard
T0040,C096,P03,Monitor,Electronics,299.5,5,0.05,2023-08-07,North,2023-08-07,1422.62,74.88,Standard
T0041,C082,P06,Chair,Furniture,249.0,4,0.0,2023-02-12,North,2023-02-12,996.0,0.0,Standard
T0042,C079,P04,Keyboard,Accessories,49.9,1,0.2,2023-01-14,South,2023-01-14,39.92,9.98,Basic
T0043,C031,P05,Desk,Furniture,189.0,7,0.05,2023/09/21 00:00:00,North,2023-09-21,1256.85,66.15,Standard
T0044,C073,P05,Desk,Furniture,189.0,7,0.15,2023-06-04,West,2023-06-04,1124.55,198.45,Standard
T0045,C085,P06,Chair,Furniture,249.0,8,0.0,2023-12-14,West,2023-12-14,1992.0,0.0,Standard
T0046,C064,P07,Webcam,Electronics,79.99,2,0.15,2023-06-11,West,2023-06-11,135.98,24.0,Basic
T0047,C096,P08,Headset,Accessories,59.99,2,0.05,2023/10/06 00:00:00,East,2023-10-06,113.98,6.0,Basic
T0048,C080,P01,Laptop,Electronics,999.99,4,0.0,2023/10/19 00:00:00,West,2023-10-19,3999.96,0.0,Premium
T0049,C083,P04,Keyboard,Accessories,49.9,4,0.0,2023-11-05T00:00:00Z,North,2023-11-05,199.6,0.0,Basic
T0050,C077,P06,Chair,Furniture,249.0,7,0.1,2023-06-11T00:00:00Z,East,2023-06-11,1568.7,174.3,Standard
T0051,C067,P06,Chair,Furniture,249.0,3,0.2,2023-10-13,East,2023-10-13,597.6,149.4,Standard
T0053,C069,P04,Keyboard,Accessories,49.9,6,0.05,2023/09/07 00:00:00,West,2023-09-07,284.43,14.97,Basic
T0054,C028,P04,Keyboard,Accessories,49.9,7,0.1,2023-04-11,South,2023-04-11,314.37,34.93,Basic
T0055,UNKNOWN,P03,Monitor,Electronics,299.5,2,0.2,2023/08/25 00:00:00,West,2023-08-25,479.2,119.8,Basic
T0056,C078,P08,Headset,Accessories,59.99,2,0.05,2023/12/30 00:00:00,East,2023-12-30,113.98,6.0,Basic
T0057,C042,P06,Chair,Furniture,249.0,10,0.0,2023/08/25 00:00:00,North,2023-08-25,2490.0,0.0,Premium
T0058,C093,P07,Webcam,Electronics,79.99,5,0.2,2023/11/21 00:00:00,East,2023-11-21,319.96,79.99,Basic
T0059,C025,P05,Desk,Furniture,189.0,9,0.15,2023-01-17T00:00:00Z,East,2023-01-17,1445.85,255.15,Standard
T0060,C037,P04,Keyboard,Accessories,49.9,8,0.15,2023-06-16,North,2023-06-16,339.32,59.88,Basic
T0061,C057,P03,Monitor,Electronics,299.5,7,0.05,2023-01-13T00:00:00Z,West,2023-01-13,1991.68,104.82,Standard
T0062,C083,P08,Headset,Accessories,59.99,1,0.05,2023-02-22T00:00:00Z,North,2023-02-22,56.99,3.0,Basic
T0063,C066,P06,Chair,Furniture,249.0,9,0.0,2023-12-14,West,2023-12-14,2241.0,0.0,Premium
T0064,C076,P06,Chair,Furniture,249.0,3,0.0,2023-03-07T00:00:00Z,North,2023-03-07,747.0,0.0,Standard
T0065,C049,P05,Desk,Furniture,189.0,2,0.0,2023/02/07 00:00:00,North,2023-02-07,378.0,0.0,Basic
T0066,C067,P02,Mouse,Accessories,19.99,2,0.2,2023-02-27,East,2023-02-27,31.98,8.0,Basic
T0067,C072,P07,Webcam,Electronics,79.99,1,0.15,2023-06-24T00:00:00Z,East,2023-06-24,67.99,12.0,Basic
T0068,C035,P07,Webcam,Electronics,79.99,8,0.1,2023/03/28 00:00:00,North,2023-03-28,575.93,63.99,Standard
T0069,C045,P06,Chair,Furniture,249.0,4,0.0,2023-11-05,North,2023-11-05,996.0,0.0,Standard
T0071,C041,P08,Headset,Accessories,59.99,1,0.15,2023/09/18 00:00:00,East,2023-09-18,50.99,9.0,Basic
T0072,C083,P02,Mouse,Accessories,19.99,1,0.0,2023-08-25,South,2023-08-25,19.99,0.0,Basic
T0073,C028,P07,Webcam,Electronics,79.99,2,0.0,2023-04-22,North,2023-04-22,159.98,0.0,Basic
T0074,C065,P02,Mouse,Accessories,19.99,9,0.05,2023/07/23 00:00:00,West,2023-07-23,170.91,9.0,Basic
T0075,C051,P04,Keyboard,Accessories,49.9,1,0.05,2023/03/27 00:00:00,South,2023-03-27,47.4,2.5,Basic
T0076,C013,P04,Keyboard,Accessories,49.9,3,0.2,2023/12/05 00:00:00,North,2023-12-05,119.76,29.94,Basic
T0077,C046,P07,Webcam,Electronics,79.99,1,0.15,2023-06-20,North,2023-06-20,67.99,12.0,Basic
T0078,C063,P05,Desk,Furniture,189.0,8,0.1,2023-11-18,North,2023-11-18,1360.8,151.2,Standard
T0079,C009,P07,Webcam,Electronics,79.99,10,0.0,2023/07/07 00:00:00,South,2023-07-07,799.9,0.0,Standard
T0080,C072,P01,Laptop,Electronics,999.99,3,0.0,2023/10/30 00:00:00,West,2023-10-30,2999.97,0.0,Premium
T0081,C039,P08,Headset,Accessories,59.99,8,0.2,2023-04-15T00:00:00Z,East,2023-04-15,383.94,95.98,Basic
T0082,C079,P05,Desk,Furniture,189.0,4,0.1,2023-12-18T00:00:00Z,North,2023-12-18,680.4,75.6,Standard
T0083,C037,P07,Webcam,Electronics,79.99,10,0.0,2023-02-15,West,2023-02-15,799.9,0.0,Standard
T0084,C069,P05,Desk,Furniture,189.0,7,0.2,2023/08/05 00:00:00,East,2023-08-05,1058.4,264.6,Standard
T0085,C064,P01,Laptop,Electronics,999.99,2,0.05,2023-06-18,West,2023-06-18,1899.98,100.0,Standard
T0086,C074,P02,Mouse,Accessories,19.99,5,0.2,2023-12-03T00:00:00Z,South,2023-12-03,79.96,19.99,Basic
T0087,C053,P02,Mouse,Accessories,19.99,1,0.0,2023-07-23,South,2023-07-23,19.99,0.0,Basic
T0088,C057,P05,Desk,Furniture,189.0,9,0.15,2023/08/30 00:00:00,East,2023-08-30,1445.85,255.15,Standard
T0089,UNKNOWN,P02,Mouse,Accessories,19.99,10,0.1,2023-08-29,East,2023-08-29,179.91,19.99,Basic
T0090,C076,P01,Laptop,Electronics,999.99,2,0.2,2023-09-07T00:00:00Z,West,2023-09-07,1599.98,400.0,Standard
T0091,C048,P01,Laptop,Electronics,999.99,6,0.0,2023-11-03,South,2023-11-03,5999.94,0.0,Premium
T0092,C013,P02,Mouse,Accessories,19.99,6,0.0,2023/07/28 00:00:00,South,2023-07-28,119.94,0.0,Basic
T0093,C015,P03,Monitor,Electronics,299.5,2,0.0,2023/11/21 00:00:00,South,2023-11-21,599.0,0.0,Standard
T0094,C013,P07,Webcam,Electronics,79.99,7,0.0,2023/04/21 00:00:00,South,2023-04-21,559.93,0.0,Standard
T0095,C061,P06,Chair,Furniture,249.0,4,0.2,2023-09-08T00:00:00Z,West,2023-09-08,796.8,199.2,Standard
T0096,C084,P03,Monitor,Electronics,299.5,8,0.15,2023-08-15,East,2023-08-15,2036.6,359.4,Premium
T0097,C078,P06,Chair,Furniture,249.0,1,0.0,2023-03-21T00:00:00Z,South,2023-03-21,249.0,0.0,Basic
T0098,C082,P01,Laptop,Electronics,999.99,3,0.0,2023-04-06T00:00:00Z,South,2023-04-06,2999.97,0.0,Premium
T0099,C095,P04,Keyboard,Accessories,49.9,1,0.05,2023-02-22T00:00:00Z,North,2023-02-22,47.4,2.5,Basic
T0100,C060,P01,Laptop,Electronics,999.99,1,0.2,2023-07-11T00:00:00Z,North,2023-07-11,799.99,200.0,Standard
T0101,C013,P05,Desk,Furniture,189.0,5,0.05,2023-02-22,West,2023-02-22,897.75,47.25,Standard
T0102,C040,P05,Desk,Furniture,189.0,2,0.05,2023-11-26,South,2023-11-26,359.1,18.9,Basic
T0103,C005,P05,Desk,Furniture,189.0,1,0.05,2023/05/11 00:00:00,North,2023-05-11,179.55,9.45,Basic
T0104,C004,P05,Desk,Furniture,189.0,10,0.1,2023-04-27,East,2023-04-27,1701.0,189.0,Standard
T0105,C047,P05,Desk,Furniture,189.0,8,0.05,2023-09-17T00:00:00Z,South,2023-09-17,1436.4,75.6,Standard
T0106,UNKNOWN,P03,Monitor,Electronics,299.5,8,0.15,2023-07-07,East,2023-07-07,2036.6,359.4,Premium
T0107,UNKNOWN,P07,Webcam,Electronics,79.99,3,0.05,2023-09-07,South,2023-09-07,227.97,12.0,Basic
T0108,C025,P08,Headset,Accessories,59.99,2,0.05,2023-07-15,West,2023-07-15,113.98,6.0,Basic
T0109,C022,P05,Desk,Furniture,189.0,1,0.2,2023-11-02T00:00:00Z,North,2023-11-02,151.2,37.8,Basic
T0110,C090,P04,Keyboard,Accessories,49.9,1,0.1,2023/02/19 00:00:00,West,2023-02-19,44.91,4.99,Basic
T0111,C079,P02,Mouse,Accessories,19.99,7,0.2,2023/05/19 00:00:00,North,2023-05-19,111.94,27.99,Basic
T0112,C006,P08,Headset,Accessories,59.99,7,0.1,2023/06/11 00:00:00,South,2023-06-11,377.94,41.99,Basic
T0113,C004,P03,Monitor,Electronics,299.5,2,0.2,2023-09-11T00:00:00Z,North,2023-09-11,479.2,119.8,Basic
T0114,C068,P06,Chair,Furniture,249.0,8,0.05,2023/06/13 00:00:00,East,2023-06-13,1892.4,99.6,Standard
T0115,C099,P04,Keyboard,Accessories,49.9,6,0.0,2023/01/02 00:00:00,East,2023-01-02,299.4,0.0,Basic
T0116,C099,P01,Laptop,Electronics,999.99,6,0.1,2023-04-16T00:00:00Z,North,2023-04-16,5399.95,599.99,Premium
T0117,C080,P01,Laptop,Electronics,999.99,7,0.15,2023-04-24,West,2023-04-24,5949.94,1049.99,Premium
T0118,C035,P01,Laptop,Electronics,999.99,3,0.1,2023-10-04,North,2023-10-04,2699.97,300.0,Premium
T0119,C013,P08,Headset,Accessories,59.99,8,0.2,2023-10-07T00:00:00Z,East,2023-10-07,383.94,95.98,Basic
T0120,UNKNOWN,P08,Headset,Accessories,59.99,10,0.1,2023/07/15 00:00:00,West,2023-07-15,539.91,59.99,Standard
T0121,C045,P05,Desk,Furniture,189.0,5,0.0,2023-08-08T00:00:00Z,West,2023-08-08,945.0,0.0,Standard
T0122,C098,P02,Mouse,Accessories,19.99,9,0.1,2023-05-29T00:00:00Z,West,2023-05-29,161.92,17.99,Basic
T0123,C052,P04,Keyboard,Accessories,49.9,2,0.05,2023-12-14,East,2023-12-14,94.81,4.99,Basic
T0124,C075,P04,Keyboard,Accessories,49.9,1,0.0,2023-07-06T00:00:00Z,West,2023-07-06,49.9,0.0,Basic
T0125,C019,P01,Laptop,Electronics,999.99,4,0.0,2023/10/06 00:00:00,South,2023-10-06,3999.96,0.0,Premium
T0126,C009,P06,Chair,Furniture,249.0,4,0.05,2023-09-15,North,2023-09-15,946.2,49.8,Standard
T0127,C088,P04,Keyboard,Accessories,49.9,2,0.05,2023-09-20,East,2023-09-20,94.81,4.99,Basic
T0128,C027,P03,Monitor,Electronics,299.5,6,0.15,2023-06-16T00:00:00Z,West,2023-06-16,1527.45,269.55,Standard
T0129,C099,P07,Webcam,Electronics,79.99,2,0.0,2023-02-24T00:00:00Z,West,2023-02-24,159.98,0.0,Basic
T0130,C095,P02,Mouse,Accessories,19.99,9,0.0,2023/08/13 00:00:00,South,2023-08-13,179.91,0.0,Basic
T0131,C021,P04,Keyboard,Accessories,49.9,8,0.15,2023-05-14T00:00:00Z,West,2023-05-14,339.32,59.88,Basic
T0132,C074,P08,Headset,Accessories,59.99,5,0.15,2023-01-12T00:00:00Z,East,2023-01-12,254.96,44.99,Basic
T0133,C031,P03,Monitor,Electronics,299.5,4,0.2,2023-08-17T00:00:00Z,North,2023-08-17,958.4,239.6,Standard
T0134,C047,P03,Monitor,Electronics,299.5,8,0.0,2023-06-06T00:00:00Z,North,2023-06-06,2396.0,0.0,Premium
T0135,C089,P03,Monitor,Electronics,299.5,8,0.05,2023/01/02 00:00:00,North,2023-01-02,2276.2,119.8,Premium
T0136,C039,P02,Mouse,Accessories,19.99,9,0.0,2023-04-23T00:00:00Z,East,2023-04-23,179.91,0.0,Basic
T0137,C087,P07,Webcam,Electronics,79.99,10,0.2,2023-08-10T00:00:00Z,East,2023-08-10,639.92,159.98,Standard
T0138,C038,P07,Webcam,Electronics,79.99,4,0.0,2023/06/30 00:00:00,South,2023-06-30,319.96,0.0,Basic
T0139,C045,P07,Webcam,Electronics,79.99,4,0.0,2023-04-15T00:00:00Z,North,2023-04-15,319.96,0.0,Basic
T0140,C055,P06,Chair,Furniture,249.0,4,0.15,2023-01-06T00:00:00Z,South,2023-01-06,846.6,149.4,Standard
T0141,C007,P06,Chair,Furniture,249.0,8,0.0,2023-07-08,South,2023-07-08,1992.0,0.0,Standard
T0142,C049,P05,Desk,Furniture,189.0,5,0.15,2023/11/17 00:00:00,West,2023-11-17,803.25,141.75,Standard
T0144,C038,P04,Keyboard,Accessories,49.9,5,0.1,2023-01-16,West,2023-01-16,224.55,24.95,Basic
T0145,C049,P03,Monitor,Electronics,299.5,7,0.2,2023-04-04,North,2023-04-04,1677.2,419.3,Standard
T0146,C039,P03,Monitor,Electronics,299.5,2,0.0,2023/02/15 00:00:00,West,2023-02-15,599.0,0.0,Standard
T0147,C046,P03,Monitor,Electronics,299.5,4,0.0,2023-04-30T00:00:00Z,North,2023-04-30,1198.0,0.0,Standard
T0148,C019,P02,Mouse,Accessories,19.99,5,0.1,2023-12-08T00:00:00Z,East,2023-12-08,89.96,9.99,Basic
T0149,C089,P06,Chair,Furniture,249.0,4,0.05,2023-04-09T00:00:00Z,North,2023-04-09,946.2,49.8,Standard
T0150,C022,P01,Laptop,Electronics,999.99,3,0.0,2023-10-30T00:00:00Z,North,2023-10-30,2999.97,0.0,Premium
T0151,C012,P01,Laptop,Electronics,999.99,7,0.05,2023-01-02,South,2023-01-02,6649.93,350.0,Premium
T0152,C058,P05,Desk,Furniture,189.0,7,0.2,2023/10/14 00:00:00,South,2023-10-14,1058.4,264.6,Standard
T0153,C017,P01,Laptop,Electronics,999.99,6,0.15,2023/09/29 00:00:00,South,2023-09-29,5099.95,899.99,Premium
T0154,C067,P02,Mouse,Accessories,19.99,5,0.15,2023/05/18 00:00:00,West,2023-05-18,84.96,14.99,Basic
T0155,C029,P02,Mouse,Accessories,19.99,5,0.0,2023-11-06,South,2023-11-06,99.95,0.0,Basic
T0156,C100,P01,Laptop,Electronics,999.99,4,0.1,2023-09-17,North,2023-09-17,3599.96,400.0,Premium
T0157,C038,P08,Headset,Accessories,59.99,9,0.0,2023-07-25,East,2023-07-25,539.91,0.0,Standard
T0158,C063,P07,Webcam,Electronics,79.99,8,0.2,2023-09-08,South,2023-09-08,511.94,127.98,Standard
T0159,C022,P07,Webcam,Electronics,79.99,3,0.0,2023-10-30T00:00:00Z,North,2023-10-30,239.97,0.0,Basic
T0160,C042,P07,Webcam,Electronics,79.99,4,0.05,2023/07/13 00:00:00,West,2023-07-13,303.96,16.0,Basic
T0161,C085,P01,Laptop,Electronics,999.99,3,0.15,2023/02/15 00:00:00,South,2023-02-15,2549.97,450.0,Premium
T0162,C012,P06,Chair,Furniture,249.0,1,0.0,2023-06-26T00:00:00Z,North,2023-06-26,249.0,0.0,Basic
T0163,UNKNOWN,P07,Webcam,Electronics,79.99,6,0.15,2023/07/15 00:00:00,West,2023-07-15,407.95,71.99,Basic
T0164,C020,P05,Desk,Furniture,189.0,3,0.0,2023-10-17,East,2023-10-17,567.0,0.0,Standard
T0165,C037,P01,Laptop,Electronics,999.99,6,0.1,2023-04-16,North,2023-04-16,5399.95,599.99,Premium
T0166,C017,P05,Desk,Furniture,189.0,6,0.15,2023/03/11 00:00:00,North,2023-03-11,963.9,170.1,Standard
T0167,C050,P05,Desk,Furniture,189.0,2,0.15,2023/11/18 00:00:00,North,2023-11-18,321.3,56.7,Basic
T0168,C047,P08,Headset,Accessories,59.99,6,0.05,2023-08-19T00:00:00Z,South,2023-08-19,341.94,18.0,Basic
T0169,C075,P04,Keyboard,Accessories,49.9,6,0.2,2023/08/20 00:00:00,East,2023-08-20,239.52,59.88,Basic
T0170,C041,P03,Monitor,Electronics,299.5,9,0.0,2023/03/01 00:00:00,South,2023-03-01,2695.5,0.0,Premium
T0171,C024,P04,Keyboard,Accessories,49.9,7,0.15,2023-05-23,West,2023-05-23,296.91,52.4,Basic
T0172,C078,P01,Laptop,Electronics,999.99,6,0.0,2023/08/31 00:00:00,North,2023-08-31,5999.94,0.0,Premium
T0173,C084,P03,Monitor,Electronics,299.5,5,0.15,2023-09-23T00:00:00Z,South,2023-09-23,1272.88,224.62,Standard
T0174,C072,P05,Desk,Furniture,189.0,9,0.15,2023/09/03 00:00:00,East,2023-09-03,1445.85,255.15,Standard
T0175,C043,P01,Laptop,Electronics,999.99,2,0.0,2023-03-13,North,2023-03-13,1999.98,0.0,Standard
T0176,C012,P08,Headset,Accessories,59.99,9,0.2,2023-12-26,East,2023-12-26,431.93,107.98,Basic
T0177,C050,P04,Keyboard,Accessories,49.9,9,0.2,2023-11-03T00:00:00Z,South,2023-11-03,359.28,89.82,Basic
T0178,C092,P05,Desk,Furniture,189.0,7,0.05,2023-06-04T00:00:00Z,North,2023-06-04,1256.85,66.15,Standard
T0179,C083,P07,Webcam,Electronics,79.99,8,0.15,2023/06/17 00:00:00,East,2023-06-17,543.93,95.99,Standard
T0180,C063,P03,Monitor,Electronics,299.5,6,0.0,2023-08-18T00:00:00Z,West,2023-08-18,1797.0,0.0,Standard
T0181,C010,P06,Chair,Furniture,249.0,7,0.2,2023/04/13 00:00:00,East,2023-04-13,1394.4,348.6,Standard
T0182,C015,P08,Headset,Accessories,59.99,9,0.15,2023-01-31,South,2023-01-31,458.92,80.99,Basic
T0183,UNKNOWN,P01,Laptop,Electronics,999.99,1,0.0,2023/06/17 00:00:00,West,2023-06-17,999.99,0.0,Standard
T0184,C035,P03,Monitor,Electronics,299.5,8,0.2,2023-03-01,West,2023-03-01,1916.8,479.2,Standard
T0185,C065,P02,Mouse,Accessories,19.99,7,0.2,2023/08/02 00:00:00,North,2023-08-02,111.94,27.99,Basic
T0186,C036,P03,Monitor,Electronics,299.5,10,0.15,2023/09/22 00:00:00,South,2023-09-22,2545.75,449.25,Premium
T0187,C085,P08,Headset,Accessories,59.99,4,0.15,2023-01-08,South,2023-01-08,203.97,35.99,Basic
T0188,C031,P03,Monitor,Electronics,299.5,1,0.15,2023-04-08,South,2023-04-08,254.58,44.92,Basic
T0189,C025,P06,Chair,Furniture,249.0,1,0.15,2023-10-28T00:00:00Z,West,2023-10-28,211.65,37.35,Basic
T0190,C006,P06,Chair,Furniture,249.0,1,0.05,2023-04-24T00:00:00Z,West,2023-04-24,236.55,12.45,Basic
T0191,C038,P01,Laptop,Electronics,999.99,3,0.1,2023/08/04 00:00:00,South,2023-08-04,2699.97,300.0,Premium
T0192,C083,P07,Webcam,Electronics,79.99,6,0.05,2023-07-14T00:00:00Z,West,2023-07-14,455.94,24.0,Basic
T0193,C022,P08,Headset,Accessories,59.99,3,0.1,2023/09/16 00:00:00,West,2023-09-16,161.97,18.0,Basic
T0194,C037,P05,Desk,Furniture,189.0,1,0.0,2023/04/04 00:00:00,West,2023-04-04,189.0,0.0,Basic
T0195,C050,P04,Keyboard,Accessories,49.9,4,0.05,2023/12/17 00:00:00,South,2023-12-17,189.62,9.98,Basic
T0196,C069,P08,Headset,Accessories,59.99,8,0.0,2023-04-11,West,2023-04-11,479.92,0.0,Basic
T0197,C036,P02,Mouse,Accessories,19.99,6,0.05,2023-10-19T00:00:00Z,East,2023-10-19,113.94,6.0,Basic
T0198,C087,P02,Mouse,Accessories,19.99,8,0.05,2023-08-08,North,2023-08-08,151.92,8.0,Basic
T0199,UNKNOWN,P07,Webcam,Electronics,79.99,3,0.1,2023-03-10T00:00:00Z,West,2023-03-10,215.97,24.0,Basic
T0200,C064,P03,Monitor,Electronics,299.5,5,0.0,2023-03-21,East,2023-03-21,1497.5,0.0,Standard
T0201,C037,P06,Chair,Furniture,249.0,4,0.1,2023-12-10,South,2023-12-10,896.4,99.6,Standard
T0202,C086,P01,Laptop,Electronics,999.99,8,0.15,2023-05-12T00:00:00Z,West,2023-05-12,6799.93,1199.99,Premium
T0203,C085,P01,Laptop,Electronics,999.99,3,0.0,2023-01-16,North,2023-01-16,2999.97,0.0,Premium
T0204,C044,P08,Headset,Accessories,59.99,6,0.2,2023-04-21T00:00:00Z,South,2023-04-21,287.95,71.99,Basic
T0205,C075,P08,Headset,Accessories,59.99,2,0.2,2023/11/05 00:00:00,North,2023-11-05,95.98,24.0,Basic
T0206,C001,P04,Keyboard,Accessories,49.9,3,0.2,2023/03/02 00:00:00,West,2023-03-02,119.76,29.94,Basic
T0207,C063,P08,Headset,Accessories,59.99,6,0.05,2023-08-25,East,2023-08-25,341.94,18.0,Basic
T0208,C090,P08,Headset,Accessories,59.99,7,0.2,2023/08/20 00:00:00,South,2023-08-20,335.94,83.99,Basic
T0209,C082,P07,Webcam,Electronics,79.99,10,0.15,2023-05-19,West,2023-05-19,679.92,119.98,Standard
T0210,C016,P08,Headset,Accessories,59.99,5,0.05,2023-05-24T00:00:00Z,East,2023-05-24,284.95,15.0,Basic
T0211,C030,P07,Webcam,Electronics,79.99,10,0.2,2023-08-06,South,2023-08-06,639.92,159.98,Standard
T0212,C011,P01,Laptop,Electronics,999.99,1,0.15,2023-11-09T00:00:00Z,West,2023-11-09,849.99,150.0,Standard
T0213,C040,P05,Desk,Furniture,189.0,9,0.1,2023-03-24T00:00:00Z,South,2023-03-24,1530.9,170.1,Standard
T0214,UNKNOWN,P01,Laptop,Electronics,999.99,8,0.0,2023-11-05T00:00:00Z,West,2023-11-05,7999.92,0.0,Premium
T0215,C032,P05,Desk,Furniture,189.0,4,0.05,2023/11/04 00:00:00,South,2023-11-04,718.2,37.8,Standard
T0216,C076,P07,Webcam,Electronics,79.99,4,0.05,2023-08-19,South,2023-08-19,303.96,16.0,Basic
T0217,C014,P07,Webcam,Electronics,79.99,8,0.05,2023-03-16,North,2023-03-16,607.92,32.0,Standard
T0218,C040,P08,Headset,Accessories,59.99,6,0.05,2023-03-04,North,2023-03-04,341.94,18.0,Basic
T0219,C081,P03,Monitor,Electronics,299.5,3,0.05,2023-05-26T00:00:00Z,East,2023-05-26,853.58,44.92,Standard
T0220,C100,P03,Monitor,Electronics,299.5,5,0.0,2023-02-20T00:00:00Z,South,2023-02-20,1497.5,0.0,Standard
T0221,C091,P01,Laptop,Electronics,999.99,9,0.15,2023-05-31T00:00:00Z,East,2023-05-31,7649.92,1349.99,Premium
T0222,UNKNOWN,P05,Desk,Furniture,189.0,4,0.0,2023/09/18 00:00:00,North,2023-09-18,756.0,0.0,Standard
T0223,C001,P03,Monitor,Electronics,299.5,3,0.2,2023/05/17 00:00:00,East,2023-05-17,718.8,179.7,Standard
T0224,C086,P04,Keyboard,Accessories,49.9,1,0.05,2023/03/23 00:00:00,North,2023-03-23,47.4,2.5,Basic
T0225,C019,P03,Monitor,Electronics,299.5,5,0.1,2023/12/06 00:00:00,West,2023-12-06,1347.75,149.75,Standard
T0226,C049,P06,Chair,Furniture,249.0,4,0.05,2023-04-29T00:00:00Z,South,2023-04-29,946.2,49.8,Standard
T0227,C028,P02,Mouse,Accessories,19.99,10,0.15,2023-09-17,South,2023-09-17,169.91,29.98,Basic
T0228,C060,P02,Mouse,Accessories,19.99,2,0.1,2023-11-09T00:00:00Z,South,2023-11-09,35.98,4.0,Basic
T0229,C063,P05,Desk,Furniture,189.0,1,0.0,2023/02/12 00:00:00,South,2023-02-12,189.0,0.0,Basic
T0230,C062,P05,Desk,Furniture,189.0,10,0.15,2023/04/27 00:00:00,West,2023-04-27,1606.5,283.5,Standard
T0231,C079,P05,Desk,Furniture,189.0,4,0.0,2023-05-26,East,2023-05-26,756.0,0.0,Standard
T0232,C024,P01,Laptop,Electronics,999.99,7,0.05,2023-10-16T00:00:00Z,East,2023-10-16,6649.93,350.0,Premium
T0233,C018,P04,Keyboard,Accessories,49.9,9,0.2,2023-02-04,North,2023-02-04,359.28,89.82,Basic
T0234,C044,P02,Mouse,Accessories,19.99,10,0.15,2023/03/26 00:00:00,West,2023-03-26,169.91,29.98,Basic
T0235,C089,P03,Monitor,Electronics,299.5,2,0.15,2023/02/18 00:00:00,East,2023-02-18,509.15,89.85,Standard
T0236,C059,P07,Webcam,Electronics,79.99,7,0.05,2023-05-05,South,2023-05-05,531.93,28.0,Standard
T0237,C016,P06,Chair,Furniture,249.0,1,0.2,2023-09-09T00:00:00Z,North,2023-09-09,199.2,49.8,Basic
T0238,C088,P03,Monitor,Electronics,299.5,9,0.2,2023/04/02 00:00:00,East,2023-04-02,2156.4,539.1,Premium
T0239,C034,P07,Webcam,Electronics,79.99,8,0.05,2023-03-13,North,2023-03-13,607.92,32.0,Standard
T0240,C024,P02,Mouse,Accessories,19.99,9,0.1,2023-12-01T00:00:00Z,South,2023-12-01,161.92,17.99,Basic
T0241,C061,P07,Webcam,Electronics,79.99,2,0.2,2023-11-09,West,2023-11-09,127.98,32.0,Basic
T0242,C031,P03,Monitor,Electronics,299.5,7,0.0,2023-07-09T00:00:00Z,East,2023-07-09,2096.5,0.0,Premium
T0243,C069,P04,Keyboard,Accessories,49.9,8,0.2,2023-05-19,West,2023-05-19,319.36,79.84,Basic
T0244,C067,P03,Monitor,Electronics,299.5,3,0.2,2023-03-07,North,2023-03-07,718.8,179.7,Standard
T0245,C079,P05,Desk,Furniture,189.0,7,0.05,2023/09/28 00:00:00,North,2023-09-28,1256.85,66.15,Standard
T0246,C064,P08,Headset,Accessories,59.99,2,0.0,2023-06-21T00:00:00Z,East,2023-06-21,119.98,0.0,Basic
T0247,C059,P08,Headset,Accessories,59.99,6,0.0,2023-06-16,North,2023-06-16,359.94,0.0,Basic
T0248,C044,P07,Webcam,Electronics,79.99,4,0.1,2023-10-27,West,2023-10-27,287.96,32.0,Basic
T0249,C079,P02,Mouse,Accessories,19.99,4,0.15,2023/08/18 00:00:00,East,2023-08-18,67.97,11.99,Basic
T0250,C067,P03,Monitor,Electronics,299.5,9,0.0,2023/04/11 00:00:00,East,2023-04-11,2695.5,0.0,Premium
T0251,C003,P06,Chair,Furniture,249.0,10,0.1,2023-05-14T00:00:00Z,South,2023-05-14,2241.0,249.0,Premium
T0252,C028,P08,Headset,Accessories,59.99,1,0.05,2023-07-30,North,2023-07-30,56.99,3.0,Basic
T0253,C052,P06,Chair,Furniture,249.0,6,0.0,2023/11/01 00:00:00,North,2023-11-01,1494.0,0.0,Standard
T0254,C015,P03,Monitor,Electronics,299.5,7,0.1,2023-04-05T00:00:00Z,South,2023-04-05,1886.85,209.65,Standard
T0255,C009,P02,Mouse,Accessories,19.99,4,0.0,2023/10/17 00:00:00,East,2023-10-17,79.96,0.0,Basic
T0256,C017,P04,Keyboard,Accessories,49.9,2,0.1,2023-07-17,East,2023-07-17,89.82,9.98,Basic
T0257,C058,P03,Monitor,Electronics,299.5,2,0.15,2023-05-29T00:00:00Z,East,2023-05-29,509.15,89.85,Standard
T0259,C006,P03,Monitor,Electronics,299.5,9,0.15,2023-12-18T00:00:00Z,West,2023-12-18,2291.17,404.32,Premium
T0260,C015,P04,Keyboard,Accessories,49.9,4,0.0,2023-07-24,West,2023-07-24,199.6,0.0,Basic
T0262,C041,P04,Keyboard,Accessories,49.9,1,0.05,2023/12/23 00:00:00,North,2023-12-23,47.4,2.5,Basic
T0263,C071,P05,Desk,Furniture,189.0,4,0.2,2023-06-21T00:00:00Z,North,2023-06-21,604.8,151.2,Standard
T0264,C024,P07,Webcam,Electronics,79.99,9,0.15,2023-11-08,West,2023-11-08,611.92,107.99,Standard
T0265,C080,P02,Mouse,Accessories,19.99,8,0.1,2023-10-28,North,2023-10-28,143.93,15.99,Basic
T0267,C046,P07,Webcam,Electronics,79.99,10,0.05,2023-11-15T00:00:00Z,South,2023-11-15,759.9,40.0,Standard
T0268,C037,P02,Mouse,Accessories,19.99,6,0.15,2023-06-29T00:00:00Z,East,2023-06-29,101.95,17.99,Basic
T0269,C028,P01,Laptop,Electronics,999.99,2,0.0,2023-08-17T00:00:00Z,South,2023-08-17,1999.98,0.0,Standard
T0270,C095,P07,Webcam,Electronics,79.99,9,0.2,2023-10-17,West,2023-10-17,575.93,143.98,Standard
T0271,C088,P08,Headset,Accessories,59.99,8,0.05,2023-12-16,West,2023-12-16,455.92,24.0,Basic
T0272,C040,P08,Headset,Accessories,59.99,10,0.0,2023/09/06 00:00:00,East,2023-09-06,599.9,0.0,Standard
T0273,UNKNOWN,P01,Laptop,Electronics,999.99,10,0.15,2023/10/29 00:00:00,West,2023-10-29,8499.91,1499.98,Premium
T0274,C079,P07,Webcam,Electronics,79.99,7,0.05,2023-10-03,West,2023-10-03,531.93,28.0,Standard
T0275,C085,P03,Monitor,Electronics,299.5,6,0.0,2023-08-31,North,2023-08-31,1797.0,0.0,Standard
T0276,C032,P08,Headset,Accessories,59.99,8,0.0,2023-09-17T00:00:00Z,South,2023-09-17,479.92,0.0,Basic
T0277,C084,P03,Monitor,Electronics,299.5,5,0.1,2023/10/16 00:00:00,West,2023-10-16,1347.75,149.75,Standard
T0278,C056,P03,Monitor,Electronics,299.5,7,0.2,2023-04-01,South,2023-04-01,1677.2,419.3,Standard
T0279,C021,P03,Monitor,Electronics,299.5,8,0.2,2023/05/27 00:00:00,North,2023-05-27,1916.8,479.2,Standard
T0280,C090,P03,Monitor,Electronics,299.5,5,0.1,2023-02-17,East,2023-02-17,1347.75,149.75,Standard
T0281,C019,P04,Keyboard,Accessories,49.9,8,0.15,2023-06-12,South,2023-06-12,339.32,59.88,Basic
T0282,C049,P04,Keyboard,Accessories,49.9,9,0.1,2023-05-20T00:00:00Z,East,2023-05-20,404.19,44.91,Basic
T0283,C021,P05,Desk,Furniture,189.0,3,0.1,2023-10-24T00:00:00Z,North,2023-10-24,510.3,56.7,Standard
T0284,C011,P02,Mouse,Accessories,19.99,8,0.05,2023/11/04 00:00:00,North,2023-11-04,151.92,8.0,Basic
T0285,C060,P01,Laptop,Electronics,999.99,8,0.05,2023-05-22,East,2023-05-22,7599.92,400.0,Premium
T0286,C025,P06,Chair,Furniture,249.0,1,0.0,2023-10-01T00:00:00Z,South,2023-10-01,249.0,0.0,Basic
T0287,C044,P08,Headset,Accessories,59.99,1,0.2,2023-09-19,North,2023-09-19,47.99,12.0,Basic
T0288,C065,P01,Laptop,Electronics,999.99,7,0.1,2023-09-06T00:00:00Z,North,2023-09-06,6299.94,699.99,Premium
T0290,C097,P08,Headset,Accessories,59.99,5,0.1,2023-12-03,South,2023-12-03,269.96,30.0,Basic
T0291,C092,P01,Laptop,Electronics,999.99,7,0.05,2023-08-05,North,2023-08-05,6649.93,350.0,Premium
T0292,C031,P08,Headset,Accessories,59.99,7,0.05,2023/07/27 00:00:00,North,2023-07-27,398.93,21.0,Basic
T0293,C023,P02,Mouse,Accessories,19.99,10,0.0,2023-06-08,North,2023-06-08,199.9,0.0,Basic
T0294,C098,P01,Laptop,Electronics,999.99,9,0.1,2023-12-24T00:00:00Z,West,2023-12-24,8099.92,899.99,Premium
T0295,C026,P08,Headset,Accessories,59.99,9,0.2,2023/01/01 00:00:00,North,2023-01-01,431.93,107.98,Basic
T0296,C049,P01,Laptop,Electronics,999.99,8,0.2,2023-07-04,South,2023-07-04,6399.94,1599.98,Premium
T0297,C092,P07,Webcam,Electronics,79.99,8,0.05,2023-04-03T00:00:00Z,North,2023-04-03,607.92,32.0,Standard
T0298,C059,P08,Headset,Accessories,59.99,9,0.2,2023-06-24,North,2023-06-24,431.93,107.98,Basic
T0299,C073,P03,Monitor,Electronics,299.5,5,0.2,2023/10/18 00:00:00,East,2023-10-18,1198.0,299.5,Standard
T0300,C032,P01,Laptop,Electronics,999.99,9,0.0,2023-02-06,East,2023-02-06,8999.91,0.0,Premium
T0301,C088,P06,Chair,Furniture,249.0,7,0.05,2023-10-07T00:00:00Z,North,2023-10-07,1655.85,87.15,Standard
T0302,C081,P01,Laptop,Electronics,999.99,1,0.05,2023/12/03 00:00:00,South,2023-12-03,949.99,50.0,Standard
T0303,C035,P07,Webcam,Electronics,79.99,3,0.0,2023/07/31 00:00:00,West,2023-07-31,239.97,0.0,Basic
T0304,C080,P01,Laptop,Electronics,999.99,2,0.2,2023/05/13 00:00:00,East,2023-05-13,1599.98,400.0,Standard
T0305,C010,P07,Webcam,Electronics,79.99,7,0.15,2023-07-08T00:00:00Z,West,2023-07-08,475.94,83.99,Basic
T0306,C052,P05,Desk,Furniture,189.0,8,0.0,2023-11-08,South,2023-11-08,1512.0,0.0,Standard
T0307,C067,P03,Monitor,Electronics,299.5,9,0.0,2023/06/30 00:00:00,North,2023-06-30,2695.5,0.0,Premium
T0308,C083,P06,Chair,Furniture,249.0,5,0.2,2023-02-21T00:00:00Z,East,2023-02-21,996.0,249.0,Standard
T0309,C096,P05,Desk,Furniture,189.0,1,0.0,2023/02/14 00:00:00,South,2023-02-14,189.0,0.0,Basic
T0310,C019,P06,Chair,Furniture,249.0,1,0.15,2023/10/06 00:00:00,West,2023-10-06,211.65,37.35,Basic
T0311,C052,P07,Webcam,Electronics,79.99,10,0.1,2023-09-17T00:00:00Z,South,2023-09-17,719.91,79.99,Standard
T0312,C046,P06,Chair,Furniture,249.0,9,0.0,2023/05/19 00:00:00,South,2023-05-19,2241.0,0.0,Premium
T0313,C034,P01,Laptop,Electronics,999.99,10,0.05,2023-12-18,South,2023-12-18,9499.9,500.0,Premium
T0314,C099,P08,Headset,Accessories,59.99,2,0.05,2023-04-07T00:00:00Z,East,2023-04-07,113.98,6.0,Basic
T0315,C077,P06,Chair,Furniture,249.0,7,0.0,2023-10-26,South,2023-10-26,1743.0,0.0,Standard
T0316,C005,P06,Chair,Furniture,249.0,1,0.0,2023-08-25,North,2023-08-25,249.0,0.0,Basic
T0317,C061,P03,Monitor,Electronics,299.5,6,0.2,2023-03-01T00:00:00Z,East,2023-03-01,1437.6,359.4,Standard
T0318,C080,P01,Laptop,Electronics,999.99,5,0.0,2023-09-14T00:00:00Z,South,2023-09-14,4999.95,0.0,Premium
T0319,C072,P05,Desk,Furniture,189.0,3,0.2,2023/07/06 00:00:00,North,2023-07-06,453.6,113.4,Basic
T0320,C041,P03,Monitor,Electronics,299.5,8,0.15,2023/10/23 00:00:00,East,2023-10-23,2036.6,359.4,Premium
T0321,C005,P08,Headset,Accessories,59.99,5,0.1,2023/12/12 00:00:00,North,2023-12-12,269.96,30.0,Basic
T0322,C031,P08,Headset,Accessories,59.99,4,0.05,2023/04/18 00:00:00,West,2023-04-18,227.96,12.0,Basic
T0323,C060,P06,Chair,Furniture,249.0,7,0.2,2023/11/08 00:00:00,South,2023-11-08,1394.4,348.6,Standard
T0324,C087,P04,Keyboard,Accessories,49.9,6,0.0,2023-01-05T00:00:00Z,West,2023-01-05,299.4,0.0,Basic
T0325,C021,P07,Webcam,Electronics,79.99,5,0.0,2023-11-27T00:00:00Z,North,2023-11-27,399.95,0.0,Basic
T0326,C022,P03,Monitor,Electronics,299.5,3,0.15,2023-02-20T00:00:00Z,West,2023-02-20,763.72,134.78,Standard
T0327,C074,P07,Webcam,Electronics,79.99,7,0.2,2023-08-15,East,2023-08-15,447.94,111.99,Basic
T0328,C013,P01,Laptop,Electronics,999.99,7,0.05,2023-09-27T00:00:00Z,North,2023-09-27,6649.93,350.0,Premium
T0329,C043,P01,Laptop,Electronics,999.99,7,0.0,2023-01-01,East,2023-01-01,6999.93,0.0,Premium
T0330,C086,P03,Monitor,Electronics,299.5,8,0.0,2023-02-06,South,2023-02-06,2396.0,0.0,Premium
T0331,C080,P03,Monitor,Electronics,299.5,3,0.2,2023/08/14 00:00:00,South,2023-08-14,718.8,179.7,Standard
T0332,UNKNOWN,P06,Chair,Furniture,249.0,1,0.15,2023-12-25T00:00:00Z,South,2023-12-25,211.65,37.35,Basic
T0333,C030,P01,Laptop,Electronics,999.99,2,0.05,2023-02-08T00:00:00Z,East,2023-02-08,1899.98,100.0,Standard
T0334,C065,P03,Monitor,Electronics,299.5,1,0.2,2023-08-27T00:00:00Z,South,2023-08-27,239.6,59.9,Basic
T0335,C068,P07,Webcam,Electronics,79.99,4,0.1,2023/08/12 00:00:00,West,2023-08-12,287.96,32.0,Basic
T0336,C080,P07,Webcam,Electronics,79.99,3,0.0,2023-09-07T00:00:00Z,West,2023-09-07,239.97,0.0,Basic
T0337,UNKNOWN,P03,Monitor,Electronics,299.5,1,0.05,2023-06-03,North,2023-06-03,284.52,14.98,Basic
T0338,C044,P04,Keyboard,Accessories,49.9,1,0.0,2023-11-27T00:00:00Z,West,2023-11-27,49.9,0.0,Basic
T0339,C035,P04,Keyboard,Accessories,49.9,3,0.2,2023/04/14 00:00:00,North,2023-04-14,119.76,29.94,Basic
T0340,C080,P04,Keyboard,Accessories,49.9,8,0.2,2023-01-18,South,2023-01-18,319.36,79.84,Basic
T0341,C099,P05,Desk,Furniture,189.0,6,0.0,2023-11-07,East,2023-11-07,1134.0,0.0,Standard
T0342,C044,P04,Keyboard,Accessories,49.9,4,0.0,2023-03-21,South,2023-03-21,199.6,0.0,Basic
T0343,C032,P05,Desk,Furniture,189.0,9,0.0,2023-10-14,East,2023-10-14,1701.0,0.0,Standard
T0345,C019,P08,Headset,Accessories,59.99,1,0.0,2023-10-10,East,2023-10-10,59.99,0.0,Basic
T0346,C008,P08,Headset,Accessories,59.99,10,0.0,2023-05-01T00:00:00Z,North,2023-05-01,599.9,0.0,Standard
T0347,C004,P06,Chair,Furniture,249.0,9,0.0,2023-10-28,West,2023-10-28,2241.0,0.0,Premium
T0348,C036,P05,Desk,Furniture,189.0,2,0.05,2023/08/07 00:00:00,South,2023-08-07,359.1,18.9,Basic
T0349,C055,P05,Desk,Furniture,189.0,2,0.2,2023-11-29T00:00:00Z,North,2023-11-29,302.4,75.6,Basic
T0350,C014,P04,Keyboard,Accessories,49.9,8,0.15,2023-06-18,East,2023-06-18,339.32,59.88,Basic
T0351,C053,P03,Monitor,Electronics,299.5,10,0.0,2023/02/15 00:00:00,North,2023-02-15,2995.0,0.0,Premium
T0352,C071,P05,Desk,Furniture,189.0,10,0.0,2023-12-08T00:00:00Z,North,2023-12-08,1890.0,0.0,Standard
T0353,C087,P04,Keyboard,Accessories,49.9,2,0.0,2023/06/29 00:00:00,East,2023-06-29,99.8,0.0,Basic
T0354,C029,P03,Monitor,Electronics,299.5,4,0.05,2023/01/14 00:00:00,South,2023-01-14,1138.1,59.9,Standard
T0355,C059,P08,Headset,Accessories,59.99,8,0.2,2023-12-09,North,2023-12-09,383.94,95.98,Basic
T0356,C053,P06,Chair,Furniture,249.0,9,0.05,2023-10-16,West,2023-10-16,2128.95,112.05,Premium
T0357,C042,P05,Desk,Furniture,189.0,6,0.15,2023-06-05,East,2023-06-05,963.9,170.1,Standard
T0358,C078,P07,Webcam,Electronics,79.99,5,0.0,2023-11-11,West,2023-11-11,399.95,0.0,Basic
T0359,C005,P08,Headset,Accessories,59.99,2,0.15,2023/11/16 00:00:00,North,2023-11-16,101.98,18.0,Basic
T0360,C063,P05,Desk,Furniture,189.0,3,0.1,2023-03-04T00:00:00Z,West,2023-03-04,510.3,56.7,Standard
T0361,C016,P05,Desk,Furniture,189.0,5,0.1,2023/08/25 00:00:00,North,2023-08-25,850.5,94.5,Standard
T0362,C001,P08,Headset,Accessories,59.99,9,0.15,2023-01-05,North,2023-01-05,458.92,80.99,Basic
T0363,C048,P02,Mouse,Accessories,19.99,6,0.0,2023-09-22,South,2023-09-22,119.94,0.0,Basic
T0364,UNKNOWN,P01,Laptop,Electronics,999.99,9,0.0,2023-01-02T00:00:00Z,West,2023-01-02,8999.91,0.0,Premium
T0365,C057,P06,Chair,Furniture,249.0,6,0.05,2023-09-04T00:00:00Z,North,2023-09-04,1419.3,74.7,Standard
T0366,C060,P08,Headset,Accessories,59.99,6,0.05,2023/07/28 00:00:00,North,2023-07-28,341.94,18.0,Basic
T0367,C001,P04,Keyboard,Accessories,49.9,1,0.2,2023/12/21 00:00:00,South,2023-12-21,39.92,9.98,Basic
T0368,C088,P07,Webcam,Electronics,79.99,8,0.1,2023/06/12 00:00:00,West,2023-06-12,575.93,63.99,Standard
T0369,C040,P05,Desk,Furniture,189.0,10,0.05,2023-04-28,North,2023-04-28,1795.5,94.5,Standard
T0370,C094,P07,Webcam,Electronics,79.99,3,0.15,2023-01-18,South,2023-01-18,203.97,36.0,Basic
T0371,C009,P04,Keyboard,Accessories,49.9,2,0.15,2023/01/10 00:00:00,East,2023-01-10,84.83,14.97,Basic
T0372,C071,P07,Webcam,Electronics,79.99,8,0.0,2023-02-03,West,2023-02-03,639.92,0.0,Standard
T0373,C099,P01,Laptop,Electronics,999.99,1,0.2,2023-12-29T00:00:00Z,East,2023-12-29,799.99,200.0,Standard
T0374,C091,P03,Monitor,Electronics,299.5,5,0.15,2023-09-14,East,2023-09-14,1272.88,224.62,Standard
T0375,C078,P03,Monitor,Electronics,299.5,9,0.0,2023-11-10,West,2023-11-10,2695.5,0.0,Premium
T0376,C042,P06,Chair,Furniture,249.0,10,0.0,2023/06/23 00:00:00,South,2023-06-23,2490.0,0.0,Premium
T0377,C028,P04,Keyboard,Accessories,49.9,2,0.1,2023-01-03T00:00:00Z,South,2023-01-03,89.82,9.98,Basic
T0378,C077,P06,Chair,Furniture,249.0,7,0.05,2023-10-05T00:00:00Z,West,2023-10-05,1655.85,87.15,Standard
T0379,C002,P06,Chair,Furniture,249.0,1,0.15,2023-05-25,North,2023-05-25,211.65,37.35,Basic
T0380,C034,P06,Chair,Furniture,249.0,4,0.05,2023/06/20 00:00:00,East,2023-06-20,946.2,49.8,Standard
T0381,C039,P02,Mouse,Accessories,19.99,10,0.2,2023/12/05 00:00:00,East,2023-12-05,159.92,39.98,Basic
T0382,C004,P02,Mouse,Accessories,19.99,4,0.0,2023-09-21T00:00:00Z,South,2023-09-21,79.96,0.0,Basic
T0383,C049,P07,Webcam,Electronics,79.99,2,0.15,2023-10-22,East,2023-10-22,135.98,24.0,Basic
T0384,C017,P05,Desk,Furniture,189.0,8,0.15,2023-11-22,South,2023-11-22,1285.2,226.8,Standard
T0385,C056,P03,Monitor,Electronics,299.5,9,0.15,2023-09-06T00:00:00Z,North,2023-09-06,2291.17,404.32,Premium
T0386,C056,P04,Keyboard,Accessories,49.9,10,0.1,2023/07/30 00:00:00,South,2023-07-30,449.1,49.9,Basic
T0387,C018,P03,Monitor,Electronics,299.5,8,0.15,2023-10-13,North,2023-10-13,2036.6,359.4,Premium
T0388,C073,P01,Laptop,Electronics,999.99,3,0.15,2023/08/24 00:00:00,South,2023-08-24,2549.97,450.0,Premium
T0389,C004,P05,Desk,Furniture,189.0,8,0.05,2023-07-01T00:00:00Z,East,2023-07-01,1436.4,75.6,Standard
T0390,C072,P01,Laptop,Electronics,999.99,5,0.0,2023-08-26T00:00:00Z,West,2023-08-26,4999.95,0.0,Premium
T0391,C025,P07,Webcam,Electronics,79.99,4,0.2,2023/05/20 00:00:00,South,2023-05-20,255.97,63.99,Basic
T0392,C026,P08,Headset,Accessories,59.99,5,0.15,2023-11-11T00:00:00Z,North,2023-11-11,254.96,44.99,Basic
T0393,C031,P03,Monitor,Electronics,299.5,8,0.0,2023-08-26,East,2023-08-26,2396.0,0.0,Premium
T0394,C062,P07,Webcam,Electronics,79.99,4,0.0,2023/05/28 00:00:00,West,2023-05-28,319.96,0.0,Basic
T0395,C008,P01,Laptop,Electronics,999.99,8,0.15,2023-07-28,West,2023-07-28,6799.93,1199.99,Premium
T0396,C042,P04,Keyboard,Accessories,49.9,3,0.0,2023-12-12,East,2023-12-12,149.7,0.0,Basic
T0397,C027,P08,Headset,Accessories,59.99,2,0.1,2023-09-16T00:00:00Z,South,2023-09-16,107.98,12.0,Basic
T0398,C061,P03,Monitor,Electronics,299.5,8,0.05,2023/10/06 00:00:00,East,2023-10-06,2276.2,119.8,Premium
T0399,C049,P03,Monitor,Electronics,299.5,4,0.05,2023/09/05 00:00:00,West,2023-09-05,1138.1,59.9,Standard
T0400,C020,P04,Keyboard,Accessories,49.9,3,0.0,2023-11-09,North,2023-11-09,149.7,0.0,Basic
T0401,C043,P08,Headset,Accessories,59.99,9,0.2,2023-12-30T00:00:00Z,North,2023-12-30,431.93,107.98,Basic
T0402,C079,P05,Desk,Furniture,189.0,7,0.05,2023-11-23T00:00:00Z,North,2023-11-23,1256.85,66.15,Standard
T0403,C069,P04,Keyboard,Accessories,49.9,1,0.1,2023-04-01,East,2023-04-01,44.91,4.99,Basic
T0404,C019,P02,Mouse,Accessories,19.99,10,0.05,2023-12-09T00:00:00Z,South,2023-12-09,189.9,9.99,Basic
T0405,C091,P02,Mouse,Accessories,19.99,8,0.2,2023-09-16,North,2023-09-16,127.94,31.98,Basic
T0406,C036,P04,Keyboard,Accessories,49.9,8,0.15,2023-07-28T00:00:00Z,West,2023-07-28,339.32,59.88,Basic
T0407,C008,P08,Headset,Accessories,59.99,1,0.05,2023-02-20,South,2023-02-20,56.99,3.0,Basic
T0408,C011,P02,Mouse,Accessories,19.99,10,0.0,2023-12-22,South,2023-12-22,199.9,0.0,Basic
T0410,C022,P08,Headset,Accessories,59.99,1,0.2,2023-05-30T00:00:00Z,North,2023-05-30,47.99,12.0,Basic
T0411,C058,P03,Monitor,Electronics,299.5,10,0.1,2023/09/01 00:00:00,East,2023-09-01,2695.5,299.5,Premium
T0412,C092,P01,Laptop,Electronics,999.99,7,0.1,2023-07-23T00:00:00Z,North,2023-07-23,6299.94,699.99,Premium
T0413,C026,P08,Headset,Accessories,59.99,1,0.0,2023-07-30T00:00:00Z,North,2023-07-30,59.99,0.0,Basic
T0414,C046,P06,Chair,Furniture,249.0,2,0.1,2023/07/14 00:00:00,West,2023-07-14,448.2,49.8,Basic
T0415,C045,P06,Chair,Furniture,249.0,1,0.2,2023/10/04 00:00:00,East,2023-10-04,199.2,49.8,Basic
T0416,C005,P02,Mouse,Accessories,19.99,7,0.1,2023/03/15 00:00:00,East,2023-03-15,125.94,13.99,Basic
T0417,C086,P06,Chair,Furniture,249.0,9,0.1,2023-04-05,West,2023-04-05,2016.9,224.1,Premium
T0418,C085,P06,Chair,Furniture,249.0,7,0.2,2023-06-18T00:00:00Z,North,2023-06-18,1394.4,348.6,Standard
T0419,C053,P08,Headset,Accessories,59.99,5,0.0,2023/03/11 00:00:00,North,2023-03-11,299.95,0.0,Basic
T0420,C068,P05,Desk,Furniture,189.0,4,0.05,2023/06/13 00:00:00,East,2023-06-13,718.2,37.8,Standard
T0421,C044,P05,Desk,Furniture,189.0,3,0.0,2023-06-17,North,2023-06-17,567.0,0.0,Standard
T0422,C077,P06,Chair,Furniture,249.0,7,0.0,2023-08-27,West,2023-08-27,1743.0,0.0,Standard
T0423,C003,P01,Laptop,Electronics,999.99,2,0.0,2023-04-25,South,2023-04-25,1999.98,0.0,Standard
T0424,C051,P01,Laptop,Electronics,999.99,8,0.05,2023-08-02,West,2023-08-02,7599.92,400.0,Premium
T0425,C062,P02,Mouse,Accessories,19.99,8,0.05,2023-10-08,East,2023-10-08,151.92,8.0,Basic
T0426,C020,P01,Laptop,Electronics,999.99,10,0.0,2023/03/26 00:00:00,South,2023-03-26,9999.9,0.0,Premium
T0427,C006,P06,Chair,Furniture,249.0,7,0.0,2023/08/26 00:00:00,East,2023-08-26,1743.0,0.0,Standard
T0428,C061,P04,Keyboard,Accessories,49.9,4,0.1,2023-09-21,North,2023-09-21,179.64,19.96,Basic
T0429,C043,P04,Keyboard,Accessories,49.9,7,0.1,2023/06/04 00:00:00,West,2023-06-04,314.37,34.93,Basic
T0430,C047,P08,Headset,Accessories,59.99,2,0.1,2023-05-29,North,2023-05-29,107.98,12.0,Basic
T0431,C021,P05,Desk,Furniture,189.0,1,0.1,2023-10-01T00:00:00Z,South,2023-10-01,170.1,18.9,Basic
T0432,C028,P05,Desk,Furniture,189.0,9,0.2,2023/10/23 00:00:00,South,2023-10-23,1360.8,340.2,Standard
T0433,C063,P07,Webcam,Electronics,79.99,4,0.2,2023/06/09 00:00:00,North,2023-06-09,255.97,63.99,Basic
T0434,C096,P06,Chair,Furniture,249.0,5,0.05,2023-07-04,South,2023-07-04,1182.75,62.25,Standard
T0435,C040,P02,Mouse,Accessories,19.99,4,0.05,2023-01-07T00:00:00Z,West,2023-01-07,75.96,4.0,Basic
T0436,C067,P03,Monitor,Electronics,299.5,2,0.1,2023-06-21T00:00:00Z,East,2023-06-21,539.1,59.9,Standard
T0437,C073,P07,Webcam,Electronics,79.99,2,0.1,2023-02-09,North,2023-02-09,143.98,16.0,Basic
T0438,C015,P01,Laptop,Electronics,999.99,4,0.0,2023-05-21T00:00:00Z,South,2023-05-21,3999.96,0.0,Premium
T0439,C001,P08,Headset,Accessories,59.99,4,0.1,2023-08-18T00:00:00Z,West,2023-08-18,215.96,24.0,Basic
T0440,C021,P06,Chair,Furniture,249.0,10,0.2,2023-08-25,South,2023-08-25,1992.0,498.0,Standard
T0441,C005,P07,Webcam,Electronics,79.99,10,0.15,2023-11-05T00:00:00Z,North,2023-11-05,679.92,119.98,Standard
T0442,C008,P07,Webcam,Electronics,79.99,5,0.0,2023/05/30 00:00:00,East,2023-05-30,399.95,0.0,Basic
T0443,C021,P02,Mouse,Accessories,19.99,8,0.0,2023-09-22,South,2023-09-22,159.92,0.0,Basic
T0444,C037,P02,Mouse,Accessories,19.99,6,0.15,2023-08-01T00:00:00Z,North,2023-08-01,101.95,17.99,Basic
T0445,C064,P02,Mouse,Accessories,19.99,3,0.2,2023-07-15,South,2023-07-15,47.98,11.99,Basic
T0446,UNKNOWN,P05,Desk,Furniture,189.0,1,0.2,2023-09-19T00:00:00Z,West,2023-09-19,151.2,37.8,Basic
T0447,C008,P07,Webcam,Electronics,79.99,10,0.0,2023-04-16,North,2023-04-16,799.9,0.0,Standard
T0448,C055,P08,Headset,Accessories,59.99,5,0.2,2023/01/01 00:00:00,East,2023-01-01,239.96,59.99,Basic
T0449,C029,P03,Monitor,Electronics,299.5,1,0.15,2023/06/05 00:00:00,South,2023-06-05,254.58,44.92,Basic
T0450,C093,P01,Laptop,Electronics,999.99,2,0.0,2023-09-28T00:00:00Z,East,2023-09-28,1999.98,0.0,Standard
T0451,C077,P02,Mouse,Accessories,19.99,10,0.0,2023/01/13 00:00:00,North,2023-01-13,199.9,0.0,Basic
T0452,C057,P01,Laptop,Electronics,999.99,4,0.05,2023-09-30,West,2023-09-30,3799.96,200.0,Premium
T0453,C031,P08,Headset,Accessories,59.99,2,0.0,2023-02-09,North,2023-02-09,119.98,0.0,Basic
T0454,C058,P07,Webcam,Electronics,79.99,9,0.15,2023/01/10 00:00:00,South,2023-01-10,611.92,107.99,Standard
T0455,C074,P01,Laptop,Electronics,999.99,10,0.0,2023-01-05,East,2023-01-05,9999.9,0.0,Premium
T0456,C022,P05,Desk,Furniture,189.0,9,0.2,2023-11-04,West,2023-11-04,1360.8,340.2,Standard
T0457,C030,P06,Chair,Furniture,249.0,8,0.0,2023/07/25 00:00:00,East,2023-07-25,1992.0,0.0,Standard
T0458,C037,P04,Keyboard,Accessories,49.9,7,0.15,2023-01-22,West,2023-01-22,296.91,52.4,Basic
T0459,C070,P08,Headset,Accessories,59.99,9,0.2,2023/10/15 00:00:00,South,2023-10-15,431.93,107.98,Basic
T0460,C005,P05,Desk,Furniture,189.0,7,0.05,2023/11/10 00:00:00,North,2023-11-10,1256.85,66.15,Standard
T0461,C098,P03,Monitor,Electronics,299.5,9,0.1,2023-01-03T00:00:00Z,South,2023-01-03,2425.95,269.55,Premium
T0462,UNKNOWN,P06,Chair,Furniture,249.0,5,0.2,2023-09-30,East,2023-09-30,996.0,249.0,Standard
T0463,C044,P04,Keyboard,Accessories,49.9,6,0.0,2023-03-02,North,2023-03-02,299.4,0.0,Basic
T0464,C091,P06,Chair,Furniture,249.0,1,0.1,2023-12-27,South,2023-12-27,224.1,24.9,Basic
T0465,C073,P01,Laptop,Electronics,999.99,1,0.0,2023/07/13 00:00:00,East,2023-07-13,999.99,0.0,Standard
T0466,C045,P06,Chair,Furniture,249.0,7,0.0,2023-02-08,West,2023-02-08,1743.0,0.0,Standard
T0467,C042,P05,Desk,Furniture,189.0,6,0.2,2023-03-02T00:00:00Z,South,2023-03-02,907.2,226.8,Standard
T0468,C019,P02,Mouse,Accessories,19.99,10,0.05,2023/06/11 00:00:00,West,2023-06-11,189.9,9.99,Basic
T0469,C048,P07,Webcam,Electronics,79.99,3,0.15,2023-09-18T00:00:00Z,South,2023-09-18,203.97,36.0,Basic
T0470,C086,P03,Monitor,Electronics,299.5,8,0.1,2023-08-08,South,2023-08-08,2156.4,239.6,Premium
T0471,C005,P08,Headset,Accessories,59.99,5,0.0,2023/06/05 00:00:00,North,2023-06-05,299.95,0.0,Basic
T0472,C090,P04,Keyboard,Accessories,49.9,7,0.2,2023-11-24,West,2023-11-24,279.44,69.86,Basic
T0473,C057,P02,Mouse,Accessories,19.99,9,0.15,2023/01/14 00:00:00,East,2023-01-14,152.92,26.99,Basic
T0474,C049,P08,Headset,Accessories,59.99,8,0.0,2023-03-31T00:00:00Z,West,2023-03-31,479.92,0.0,Basic
T0475,C077,P03,Monitor,Electronics,299.5,7,0.0,2023/07/21 00:00:00,South,2023-07-21,2096.5,0.0,Premium
T0476,C063,P08,Headset,Accessories,59.99,8,0.05,2023-03-11,North,2023-03-11,455.92,24.0,Basic
T0477,C070,P03,Monitor,Electronics,299.5,4,0.2,2023-05-10T00:00:00Z,South,2023-05-10,958.4,239.6,Standard
T0478,C010,P08,Headset,Accessories,59.99,8,0.1,2023/08/16 00:00:00,West,2023-08-16,431.93,47.99,Basic
T0479,C054,P05,Desk,Furniture,189.0,9,0.15,2023/02/04 00:00:00,West,2023-02-04,1445.85,255.15,Standard
T0480,C095,P04,Keyboard,Accessories,49.9,9,0.0,2023-06-02,West,2023-06-02,449.1,0.0,Basic
T0481,C057,P03,Monitor,Electronics,299.5,10,0.1,2023/03/24 00:00:00,West,2023-03-24,2695.5,299.5,Premium
T0483,C064,P03,Monitor,Electronics,299.5,3,0.0,2023-06-04T00:00:00Z,North,2023-06-04,898.5,0.0,Standard
T0484,C046,P03,Monitor,Electronics,299.5,2,0.0,2023-02-18,West,2023-02-18,599.0,0.0,Standard
T0485,C037,P02,Mouse,Accessories,19.99,5,0.05,2023/11/14 00:00:00,East,2023-11-14,94.95,5.0,Basic
T0486,C005,P05,Desk,Furniture,189.0,10,0.1,2023-08-16,West,2023-08-16,1701.0,189.0,Standard
T0487,UNKNOWN,P06,Chair,Furniture,249.0,3,0.2,2023/03/29 00:00:00,West,2023-03-29,597.6,149.4,Standard
T0488,C056,P07,Webcam,Electronics,79.99,10,0.0,2023/11/22 00:00:00,East,2023-11-22,799.9,0.0,Standard
T0489,C070,P08,Headset,Accessories,59.99,3,0.2,2023-04-01,North,2023-04-01,143.98,35.99,Basic
T0490,C016,P05,Desk,Furniture,189.0,10,0.0,2023/09/02 00:00:00,East,2023-09-02,1890.0,0.0,Standard
T0491,UNKNOWN,P06,Chair,Furniture,249.0,9,0.0,2023/10/28 00:00:00,South,2023-10-28,2241.0,0.0,Premium
T0492,C086,P06,Chair,Furniture,249.0,3,0.05,2023-08-13T00:00:00Z,North,2023-08-13,709.65,37.35,Standard
T0493,C098,P05,Desk,Furniture,189.0,3,0.0,2023-03-14T00:00:00Z,West,2023-03-14,567.0,0.0,Standard
T0494,C012,P06,Chair,Furniture,249.0,2,0.05,2023-04-04,South,2023-04-04,473.1,24.9,Basic
T0495,C032,P06,Chair,Furniture,249.0,10,0.05,2023-03-03,North,2023-03-03,2365.5,124.5,Premium
T0496,C078,P05,Desk,Furniture,189.0,4,0.2,2023-02-17,South,2023-02-17,604.8,151.2,Standard
T0497,C021,P04,Keyboard,Accessories,49.9,8,0.05,2023-08-31,North,2023-08-31,379.24,19.96,Basic
T0498,C081,P08,Headset,Accessories,59.99,10,0.15,2023/01/12 00:00:00,North,2023-01-12,509.92,89.98,Standard
T0499,C007,P06,Chair,Furniture,249.0,10,0.05,2023-07-01T00:00:00Z,West,2023-07-01,2365.5,124.5,Premium
T0500,C065,P02,Mouse,Accessories,19.99,4,0.2,2023/07/25 00:00:00,West,2023-07-25,63.97,15.99,Basic
T0501,C063,P04,Keyboard,Accessories,49.9,9,0.05,2023-05-21T00:00:00Z,West,2023-05-21,426.64,22.46,Basic
T0502,C082,P03,Monitor,Electronics,299.5,6,0.1,2023-09-04T00:00:00Z,North,2023-09-04,1617.3,179.7,Standard
T0503,C085,P01,Laptop,Electronics,999.99,10,0.05,2023-07-31T00:00:00Z,West,2023-07-31,9499.9,500.0,Premium
T0504,C046,P01,Laptop,Electronics,999.99,9,0.0,2023-01-19,West,2023-01-19,8999.91,0.0,Premium
T0505,C034,P04,Keyboard,Accessories,49.9,6,0.1,2023/04/25 00:00:00,South,2023-04-25,269.46,29.94,Basic
T0506,C058,P04,Keyboard,Accessories,49.9,1,0.2,2023-12-20T00:00:00Z,South,2023-12-20,39.92,9.98,Basic
T0507,C002,P02,Mouse,Accessories,19.99,9,0.15,2023/09/01 00:00:00,North,2023-09-01,152.92,26.99,Basic
T0508,C074,P08,Headset,Accessories,59.99,6,0.2,2023/01/08 00:00:00,North,2023-01-08,287.95,71.99,Basic
T0509,C084,P05,Desk,Furniture,189.0,8,0.1,2023/11/17 00:00:00,East,2023-11-17,1360.8,151.2,Standard
T0510,C076,P06,Chair,Furniture,249.0,10,0.05,2023-08-01,North,2023-08-01,2365.5,124.5,Premium
T0511,C051,P06,Chair,Furniture,249.0,4,0.1,2023-07-29,South,2023-07-29,896.4,99.6,Standard
T0512,C022,P08,Headset,Accessories,59.99,10,0.05,2023-09-28,North,2023-09-28,569.9,30.0,Standard
T0513,C067,P05,Desk,Furniture,189.0,8,0.0,2023/10/03 00:00:00,East,2023-10-03,1512.0,0.0,Standard
T0514,C057,P04,Keyboard,Accessories,49.9,6,0.1,2023-11-11T00:00:00Z,East,2023-11-11,269.46,29.94,Basic
T0515,C025,P05,Desk,Furniture,189.0,3,0.0,2023/05/18 00:00:00,North,2023-05-18,567.0,0.0,Standard
T0516,C029,P04,Keyboard,Accessories,49.9,2,0.0,2023/05/17 00:00:00,West,2023-05-17,99.8,0.0,Basic
T0517,C030,P07,Webcam,Electronics,79.99,9,0.1,2023-10-08,North,2023-10-08,647.92,71.99,Standard
T0518,C020,P01,Laptop,Electronics,999.99,5,0.0,2023/02/26 00:00:00,North,2023-02-26,4999.95,0.0,Premium
T0519,C075,P04,Keyboard,Accessories,49.9,9,0.0,2023-02-08T00:00:00Z,South,2023-02-08,449.1,0.0,Basic
T0520,C047,P07,Webcam,Electronics,79.99,1,0.05,2023-12-06,West,2023-12-06,75.99,4.0,Basic
T0521,C100,P02,Mouse,Accessories,19.99,8,0.15,2023/08/08 00:00:00,East,2023-08-08,135.93,23.99,Basic
T0522,C072,P07,Webcam,Electronics,79.99,1,0.15,2023-05-11T00:00:00Z,South,2023-05-11,67.99,12.0,Basic
T0523,C064,P07,Webcam,Electronics,79.99,6,0.05,2023-04-20,South,2023-04-20,455.94,24.0,Basic
T0524,C037,P06,Chair,Furniture,249.0,7,0.0,2023-09-29,West,2023-09-29,1743.0,0.0,Standard
T0525,C059,P05,Desk,Furniture,189.0,3,0.0,2023/06/29 00:00:00,East,2023-06-29,567.0,0.0,Standard
T0526,C080,P01,Laptop,Electronics,999.99,10,0.2,2023-03-28,East,2023-03-28,7999.92,1999.98,Premium
T0527,C048,P06,Chair,Furniture,249.0,1,0.0,2023-06-09,North,2023-06-09,249.0,0.0,Basic
T0529,C050,P04,Keyboard,Accessories,49.9,1,0.15,2023-07-08T00:00:00Z,East,2023-07-08,42.42,7.48,Basic
T0530,C046,P06,Chair,Furniture,249.0,8,0.05,2023/05/31 00:00:00,South,2023-05-31,1892.4,99.6,Standard
T0531,C034,P06,Chair,Furniture,249.0,3,0.0,2023/02/03 00:00:00,South,2023-02-03,747.0,0.0,Standard
T0532,C031,P02,Mouse,Accessories,19.99,10,0.0,2023/02/10 00:00:00,West,2023-02-10,199.9,0.0,Basic
T0533,C041,P06,Chair,Furniture,249.0,3,0.0,2023/04/30 00:00:00,North,2023-04-30,747.0,0.0,Standard
T0534,UNKNOWN,P04,Keyboard,Accessories,49.9,6,0.2,2023/06/23 00:00:00,East,2023-06-23,239.52,59.88,Basic
T0535,UNKNOWN,P03,Monitor,Electronics,299.5,10,0.0,2023/10/16 00:00:00,West,2023-10-16,2995.0,0.0,Premium
T0536,UNKNOWN,P04,Keyboard,Accessories,49.9,2,0.1,2023/04/29 00:00:00,North,2023-04-29,89.82,9.98,Basic
T0537,C077,P01,Laptop,Electronics,999.99,9,0.0,2023-02-28T00:00:00Z,North,2023-02-28,8999.91,0.0,Premium
T0538,UNKNOWN,P06,Chair,Furniture,249.0,1,0.05,2023/09/11 00:00:00,South,2023-09-11,236.55,12.45,Basic
T0539,C095,P01,Laptop,Electronics,999.99,9,0.0,2023/07/26 00:00:00,West,2023-07-26,8999.91,0.0,Premium
T0540,C044,P03,Monitor,Electronics,299.5,2,0.0,2023/03/04 00:00:00,East,2023-03-04,599.0,0.0,Standard
T0541,C089,P08,Headset,Accessories,59.99,3,0.05,2023-09-26T00:00:00Z,South,2023-09-26,170.97,9.0,Basic
T0542,C050,P06,Chair,Furniture,249.0,2,0.15,2023-10-07T00:00:00Z,North,2023-10-07,423.3,74.7,Basic
T0543,C022,P07,Webcam,Electronics,79.99,5,0.0,2023/06/01 00:00:00,North,2023-06-01,399.95,0.0,Basic
T0544,C056,P05,Desk,Furniture,189.0,9,0.0,2023/08/31 00:00:00,North,2023-08-31,1701.0,0.0,Standard
T0545,C082,P07,Webcam,Electronics,79.99,8,0.0,2023/03/23 00:00:00,East,2023-03-23,639.92,0.0,Standard
T0546,C024,P08,Headset,Accessories,59.99,9,0.15,2023-08-29T00:00:00Z,East,2023-08-29,458.92,80.99,Basic
T0547,C056,P08,Headset,Accessories,59.99,7,0.0,2023/09/02 00:00:00,West,2023-09-02,419.93,0.0,Basic
T0548,C080,P03,Monitor,Electronics,299.5,3,0.0,2023/03/30 00:00:00,North,2023-03-30,898.5,0.0,Standard
T0549,C073,P06,Chair,Furniture,249.0,2,0.0,2023/04/10 00:00:00,North,2023-04-10,498.0,0.0,Basic
T0550,C035,P01,Laptop,Electronics,999.99,3,0.0,2023-03-01T00:00:00Z,West,2023-03-01,2999.97,0.0,Premium
T0551,C057,P03,Monitor,Electronics,299.5,7,0.1,2023-07-25T00:00:00Z,South,2023-07-25,1886.85,209.65,Standard
T0553,C062,P08,Headset,Accessories,59.99,9,0.2,2023-11-06T00:00:00Z,West,2023-11-06,431.93,107.98,Basic
T0554,C054,P03,Monitor,Electronics,299.5,2,0.05,2023/03/01 00:00:00,North,2023-03-01,569.05,29.95,Standard
T0555,C031,P07,Webcam,Electronics,79.99,4,0.0,2023/07/03 00:00:00,West,2023-07-03,319.96,0.0,Basic
T0556,C093,P02,Mouse,Accessories,19.99,10,0.2,2023/11/20 00:00:00,East,2023-11-20,159.92,39.98,Basic
T0557,C057,P06,Chair,Furniture,249.0,10,0.1,2023-08-07T00:00:00Z,South,2023-08-07,2241.0,249.0,Premium
T0558,C012,P08,Headset,Accessories,59.99,6,0.0,2023-01-20,East,2023-01-20,359.94,0.0,Basic
T0559,C071,P08,Headset,Accessories,59.99,8,0.2,2023-12-13T00:00:00Z,South,2023-12-13,383.94,95.98,Basic
T0560,C031,P01,Laptop,Electronics,999.99,10,0.0,2023-07-24T00:00:00Z,West,2023-07-24,9999.9,0.0,Premium
T0561,C089,P07,Webcam,Electronics,79.99,7,0.0,2023/05/22 00:00:00,West,2023-05-22,559.93,0.0,Standard
T0562,C013,P02,Mouse,Accessories,19.99,8,0.0,2023-10-20,South,2023-10-20,159.92,0.0,Basic
T0563,UNKNOWN,P03,Monitor,Electronics,299.5,8,0.15,2023-01-12,South,2023-01-12,2036.6,359.4,Premium
T0564,C025,P07,Webcam,Electronics,79.99,8,0.05,2023-11-26,South,2023-11-26,607.92,32.0,Standard
T0565,C065,P02,Mouse,Accessories,19.99,5,0.0,2023/12/09 00:00:00,East,2023-12-09,99.95,0.0,Basic
T0566,UNKNOWN,P08,Headset,Accessories,59.99,5,0.15,2023-08-23T00:00:00Z,East,2023-08-23,254.96,44.99,Basic
T0567,C004,P08,Headset,Accessories,59.99,1,0.1,2023-01-06,North,2023-01-06,53.99,6.0,Basic
T0568,C057,P02,Mouse,Accessories,19.99,4,0.15,2023-09-16,East,2023-09-16,67.97,11.99,Basic
T0569,C060,P03,Monitor,Electronics,299.5,7,0.0,2023/08/31 00:00:00,East,2023-08-31,2096.5,0.0,Premium
T0570,C023,P02,Mouse,Accessories,19.99,8,0.15,2023-01-08T00:00:00Z,East,2023-01-08,135.93,23.99,Basic
T0571,C034,P08,Headset,Accessories,59.99,1,0.2,2023/04/20 00:00:00,North,2023-04-20,47.99,12.0,Basic
T0572,C051,P07,Webcam,Electronics,79.99,1,0.1,2023-01-19,South,2023-01-19,71.99,8.0,Basic
T0573,C081,P02,Mouse,Accessories,19.99,3,0.0,2023/01/20 00:00:00,West,2023-01-20,59.97,0.0,Basic
T0574,C026,P07,Webcam,Electronics,79.99,9,0.15,2023/05/31 00:00:00,North,2023-05-31,611.92,107.99,Standard
T0575,C088,P02,Mouse,Accessories,19.99,1,0.15,2023-09-10,South,2023-09-10,16.99,3.0,Basic
T0576,C093,P07,Webcam,Electronics,79.99,6,0.05,2023/02/25 00:00:00,South,2023-02-25,455.94,24.0,Basic
T0577,C010,P05,Desk,Furniture,189.0,9,0.15,2023-03-14T00:00:00Z,North,2023-03-14,1445.85,255.15,Standard
T0578,C018,P06,Chair,Furniture,249.0,2,0.1,2023/11/23 00:00:00,West,2023-11-23,448.2,49.8,Basic
T0579,C010,P02,Mouse,Accessories,19.99,9,0.0,2023-08-31T00:00:00Z,North,2023-08-31,179.91,0.0,Basic
T0580,C059,P04,Keyboard,Accessories,49.9,4,0.15,2023-06-14T00:00:00Z,South,2023-06-14,169.66,29.94,Basic
T0581,C077,P07,Webcam,Electronics,79.99,10,0.15,2023-10-26T00:00:00Z,East,2023-10-26,679.92,119.98,Standard
T0582,C095,P08,Headset,Accessories,59.99,9,0.0,2023-07-15,North,2023-07-15,539.91,0.0,Standard
T0583,C027,P02,Mouse,Accessories,19.99,2,0.15,2023-08-18T00:00:00Z,South,2023-08-18,33.98,6.0,Basic
T0584,C017,P08,Headset,Accessories,59.99,1,0.2,2023/04/08 00:00:00,West,2023-04-08,47.99,12.0,Basic
T0586,C059,P08,Headset,Accessories,59.99,6,0.0,2023-06-24T00:00:00Z,North,2023-06-24,359.94,0.0,Basic
T0587,C064,P08,Headset,Accessories,59.99,2,0.0,2023-08-04T00:00:00Z,South,2023-08-04,119.98,0.0,Basic
T0588,C012,P02,Mouse,Accessories,19.99,1,0.15,2023-03-18T00:00:00Z,North,2023-03-18,16.99,3.0,Basic
T0589,C098,P08,Headset,Accessories,59.99,2,0.0,2023/08/10 00:00:00,East,2023-08-10,119.98,0.0,Basic
T0590,C079,P04,Keyboard,Accessories,49.9,6,0.05,2023-12-13,South,2023-12-13,284.43,14.97,Basic
T0591,C049,P05,Desk,Furniture,189.0,2,0.05,2023-03-26,West,2023-03-26,359.1,18.9,Basic
T0592,C055,P04,Keyboard,Accessories,49.9,6,0.15,2023/11/07 00:00:00,East,2023-11-07,254.49,44.91,Basic
T0593,C031,P05,Desk,Furniture,189.0,8,0.0,2023-07-21,West,2023-07-21,1512.0,0.0,Standard
T0594,C071,P07,Webcam,Electronics,79.99,8,0.0,2023/08/14 00:00:00,East,2023-08-14,639.92,0.0,Standard
T0595,C094,P04,Keyboard,Accessories,49.9,1,0.15,2023/03/22 00:00:00,South,2023-03-22,42.42,7.48,Basic
T0596,C037,P03,Monitor,Electronics,299.5,3,0.0,2023-11-07T00:00:00Z,South,2023-11-07,898.5,0.0,Standard
T0597,C053,P01,Laptop,Electronics,999.99,3,0.05,2023/07/29 00:00:00,East,2023-07-29,2849.97,150.0,Premium
T0598,C013,P01,Laptop,Electronics,999.99,1,0.0,2023-01-15T00:00:00Z,South,2023-01-15,999.99,0.0,Standard
T0599,C057,P03,Monitor,Electronics,299.5,7,0.15,2023-10-23T00:00:00Z,South,2023-10-23,1782.02,314.47,Standard
T0600,C053,P08,Headset,Accessories,59.99,2,0.1,2023-10-03,North,2023-10-03,107.98,12.0,Basic
T0602,C071,P08,Headset,Accessories,59.99,9,0.1,2023-10-29,South,2023-10-29,485.92,53.99,Basic
T0603,C003,P01,Laptop,Electronics,999.99,7,0.0,2023-07-20T00:00:00Z,South,2023-07-20,6999.93,0.0,Premium
T0605,C094,P03,Monitor,Electronics,299.5,4,0.0,2023/05/28 00:00:00,South,2023-05-28,1198.0,0.0,Standard
T0606,C052,P04,Keyboard,Accessories,49.9,9,0.15,2023-03-19T00:00:00Z,North,2023-03-19,381.73,67.36,Basic
T0607,C027,P01,Laptop,Electronics,999.99,1,0.2,2023/10/20 00:00:00,West,2023-10-20,799.99,200.0,Standard
T0608,C035,P08,Headset,Accessories,59.99,1,0.0,2023-03-04,West,2023-03-04,59.99,0.0,Basic
T0609,C020,P03,Monitor,Electronics,299.5,2,0.2,2023/04/28 00:00:00,North,2023-04-28,479.2,119.8,Basic
T0610,C026,P07,Webcam,Electronics,79.99,4,0.0,2023-03-15T00:00:00Z,West,2023-03-15,319.96,0.0,Basic
T0611,C024,P04,Keyboard,Accessories,49.9,5,0.15,2023/07/16 00:00:00,South,2023-07-16,212.08,37.42,Basic
T0612,C014,P08,Headset,Accessories,59.99,1,0.0,2023/07/29 00:00:00,South,2023-07-29,59.99,0.0,Basic
T0613,C035,P08,Headset,Accessories,59.99,6,0.15,2023/12/29 00:00:00,South,2023-12-29,305.95,53.99,Basic
T0614,C092,P03,Monitor,Electronics,299.5,2,0.1,2023-01-20,West,2023-01-20,539.1,59.9,Standard
T0615,C030,P03,Monitor,Electronics,299.5,9,0.05,2023-05-31,West,2023-05-31,2560.72,134.78,Premium
T0616,C035,P01,Laptop,Electronics,999.99,7,0.1,2023-07-31T00:00:00Z,South,2023-07-31,6299.94,699.99,Premium
T0617,C083,P08,Headset,Accessories,59.99,5,0.05,2023-10-23T00:00:00Z,East,2023-10-23,284.95,15.0,Basic
T0618,C086,P06,Chair,Furniture,249.0,5,0.0,2023-02-24T00:00:00Z,East,2023-02-24,1245.0,0.0,Standard
T0619,C017,P02,Mouse,Accessories,19.99,1,0.2,2023/09/23 00:00:00,North,2023-09-23,15.99,4.0,Basic
T0620,C082,P04,Keyboard,Accessories,49.9,6,0.2,2023/04/05 00:00:00,East,2023-04-05,239.52,59.88,Basic
T0621,C087,P01,Laptop,Electronics,999.99,5,0.15,2023-11-13,North,2023-11-13,4249.96,749.99,Premium
T0622,C054,P01,Laptop,Electronics,999.99,4,0.2,2023-10-26T00:00:00Z,North,2023-10-26,3199.97,799.99,Premium
T0623,C020,P02,Mouse,Accessories,19.99,8,0.05,2023/02/26 00:00:00,South,2023-02-26,151.92,8.0,Basic
T0624,C039,P07,Webcam,Electronics,79.99,9,0.05,2023-09-16T00:00:00Z,South,2023-09-16,683.91,36.0,Standard
T0625,C080,P04,Keyboard,Accessories,49.9,8,0.15,2023-09-17,East,2023-09-17,339.32,59.88,Basic
T0626,C072,P08,Headset,Accessories,59.99,1,0.05,2023/06/22 00:00:00,North,2023-06-22,56.99,3.0,Basic
T0627,C077,P04,Keyboard,Accessories,49.9,9,0.15,2023-08-25,East,2023-08-25,381.73,67.36,Basic
T0628,C084,P01,Laptop,Electronics,999.99,2,0.2,2023-11-15T00:00:00Z,East,2023-11-15,1599.98,400.0,Standard
T0629,UNKNOWN,P06,Chair,Furniture,249.0,8,0.15,2023-08-16,South,2023-08-16,1693.2,298.8,Standard
T0630,C093,P08,Headset,Accessories,59.99,3,0.0,2023-10-02,North,2023-10-02,179.97,0.0,Basic
T0631,C029,P04,Keyboard,Accessories,49.9,7,0.0,2023/04/19 00:00:00,East,2023-04-19,349.3,0.0,Basic
T0632,C081,P08,Headset,Accessories,59.99,9,0.15,2023-12-11,South,2023-12-11,458.92,80.99,Basic
T0633,C019,P07,Webcam,Electronics,79.99,4,0.05,2023-06-22,South,2023-06-22,303.96,16.0,Basic
T0634,C034,P07,Webcam,Electronics,79.99,6,0.1,2023/07/28 00:00:00,North,2023-07-28,431.95,47.99,Basic
T0635,C023,P02,Mouse,Accessories,19.99,10,0.15,2023-02-12,North,2023-02-12,169.91,29.98,Basic
T0636,C029,P04,Keyboard,Accessories,49.9,1,0.0,2023-02-22T00:00:00Z,North,2023-02-22,49.9,0.0,Basic
T0637,C089,P03,Monitor,Electronics,299.5,4,0.0,2023-09-30,West,2023-09-30,1198.0,0.0,Standard
T0638,C020,P07,Webcam,Electronics,79.99,1,0.1,2023-10-26,South,2023-10-26,71.99,8.0,Basic
T0639,C003,P06,Chair,Furniture,249.0,6,0.05,2023/05/19 00:00:00,West,2023-05-19,1419.3,74.7,Standard
T0640,C039,P06,Chair,Furniture,249.0,6,0.15,2023-08-26T00:00:00Z,South,2023-08-26,1269.9,224.1,Standard
T0641,C027,P04,Keyboard,Accessories,49.9,1,0.1,2023-09-29,West,2023-09-29,44.91,4.99,Basic
T0642,C069,P08,Headset,Accessories,59.99,10,0.0,2023-02-12T00:00:00Z,West,2023-02-12,599.9,0.0,Standard
T0643,C009,P02,Mouse,Accessories,19.99,3,0.2,2023-01-01T00:00:00Z,West,2023-01-01,47.98,11.99,Basic
T0644,C100,P08,Headset,Accessories,59.99,6,0.0,2023-02-02,North,2023-02-02,359.94,0.0,Basic
T0645,C015,P04,Keyboard,Accessories,49.9,3,0.15,2023-03-26T00:00:00Z,West,2023-03-26,127.24,22.46,Basic
T0646,C015,P06,Chair,Furniture,249.0,3,0.15,2023/12/22 00:00:00,East,2023-12-22,634.95,112.05,Standard
T0647,C043,P06,Chair,Furniture,249.0,10,0.1,2023/04/21 00:00:00,West,2023-04-21,2241.0,249.0,Premium
T0648,C084,P08,Headset,Accessories,59.99,6,0.1,2023-07-31,South,2023-07-31,323.95,35.99,Basic
T0649,C028,P04,Keyboard,Accessories,49.9,5,0.2,2023-05-12,North,2023-05-12,199.6,49.9,Basic
T0650,C013,P01,Laptop,Electronics,999.99,9,0.1,2023/05/17 00:00:00,South,2023-05-17,8099.92,899.99,Premium
T0651,C057,P02,Mouse,Accessories,19.99,1,0.2,2023-05-01,West,2023-05-01,15.99,4.0,Basic
T0652,C063,P03,Monitor,Electronics,299.5,6,0.2,2023-07-28T00:00:00Z,North,2023-07-28,1437.6,359.4,Standard
T0653,C066,P03,Monitor,Electronics,299.5,10,0.0,2023-12-09T00:00:00Z,West,2023-12-09,2995.0,0.0,Premium
T0654,C078,P01,Laptop,Electronics,999.99,9,0.0,2023-06-22,South,2023-06-22,8999.91,0.0,Premium
T0655,C014,P03,Monitor,Electronics,299.5,7,0.15,2023/07/30 00:00:00,East,2023-07-30,1782.02,314.47,Standard
T0656,C071,P08,Headset,Accessories,59.99,6,0.0,2023-12-29T00:00:00Z,South,2023-12-29,359.94,0.0,Basic
T0657,C026,P05,Desk,Furniture,189.0,8,0.0,2023-12-17,North,2023-12-17,1512.0,0.0,Standard
T0658,C099,P03,Monitor,Electronics,299.5,10,0.1,2023-04-01,North,2023-04-01,2695.5,299.5,Premium
T0659,C098,P06,Chair,Furniture,249.0,2,0.0,2023-10-28T00:00:00Z,North,2023-10-28,498.0,0.0,Basic
T0660,C077,P04,Keyboard,Accessories,49.9,4,0.15,2023-07-31T00:00:00Z,South,2023-07-31,169.66,29.94,Basic
T0661,C065,P04,Keyboard,Accessories,49.9,4,0.05,2023-09-29,East,2023-09-29,189.62,9.98,Basic
T0662,C052,P02,Mouse,Accessories,19.99,4,0.2,2023-02-07,North,2023-02-07,63.97,15.99,Basic
T0663,C072,P08,Headset,Accessories,59.99,10,0.0,2023-12-18T00:00:00Z,East,2023-12-18,599.9,0.0,Standard
T0664,UNKNOWN,P03,Monitor,Electronics,299.5,5,0.2,2023-05-14,North,2023-05-14,1198.0,299.5,Standard
T0665,C027,P06,Chair,Furniture,249.0,7,0.05,2023/03/26 00:00:00,West,2023-03-26,1655.85,87.15,Standard
T0666,C054,P04,Keyboard,Accessories,49.9,7,0.1,2023-08-03T00:00:00Z,West,2023-08-03,314.37,34.93,Basic
T0667,C031,P07,Webcam,Electronics,79.99,1,0.2,2023-08-07T00:00:00Z,East,2023-08-07,63.99,16.0,Basic
T0668,C029,P02,Mouse,Accessories,19.99,8,0.0,2023-01-05T00:00:00Z,North,2023-01-05,159.92,0.0,Basic
T0669,C093,P02,Mouse,Accessories,19.99,10,0.0,2023-06-08,North,2023-06-08,199.9,0.0,Basic
T0670,C061,P01,Laptop,Electronics,999.99,1,0.1,2023/08/15 00:00:00,South,2023-08-15,899.99,100.0,Standard
T0671,C045,P05,Desk,Furniture,189.0,1,0.1,2023/11/19 00:00:00,East,2023-11-19,170.1,18.9,Basic
T0672,C030,P04,Keyboard,Accessories,49.9,7,0.2,2023-02-16,North,2023-02-16,279.44,69.86,Basic
T0673,C083,P01,Laptop,Electronics,999.99,7,0.0,2023-04-28T00:00:00Z,South,2023-04-28,6999.93,0.0,Premium
T0674,C027,P08,Headset,Accessories,59.99,7,0.2,2023-01-12,North,2023-01-12,335.94,83.99,Basic
T0675,C030,P02,Mouse,Accessories,19.99,2,0.05,2023/02/20 00:00:00,North,2023-02-20,37.98,2.0,Basic
T0676,C083,P04,Keyboard,Accessories,49.9,6,0.0,2023/02/23 00:00:00,East,2023-02-23,299.4,0.0,Basic
T0677,C054,P02,Mouse,Accessories,19.99,5,0.05,2023-10-27T00:00:00Z,North,2023-10-27,94.95,5.0,Basic
T0678,C070,P07,Webcam,Electronics,79.99,7,0.05,2023-05-17,West,2023-05-17,531.93,28.0,Standard
T0679,C037,P08,Headset,Accessories,59.99,2,0.0,2023/05/04 00:00:00,South,2023-05-04,119.98,0.0,Basic
T0680,UNKNOWN,P01,Laptop,Electronics,999.99,6,0.15,2023-06-17,South,2023-06-17,5099.95,899.99,Premium
T0681,C045,P03,Monitor,Electronics,299.5,5,0.0,2023/05/15 00:00:00,West,2023-05-15,1497.5,0.0,Standard
T0682,UNKNOWN,P05,Desk,Furniture,189.0,7,0.0,2023-12-07,West,2023-12-07,1323.0,0.0,Standard
T0683,C063,P03,Monitor,Electronics,299.5,5,0.15,2023/02/10 00:00:00,West,2023-02-10,1272.88,224.62,Standard
T0684,UNKNOWN,P06,Chair,Furniture,249.0,3,0.1,2023-11-06T00:00:00Z,South,2023-11-06,672.3,74.7,Standard
T0685,C041,P08,Headset,Accessories,59.99,8,0.2,2023/08/21 00:00:00,East,2023-08-21,383.94,95.98,Basic
T0686,C007,P07,Webcam,Electronics,79.99,1,0.2,2023/05/04 00:00:00,North,2023-05-04,63.99,16.0,Basic
T0687,C039,P04,Keyboard,Accessories,49.9,5,0.0,2023/03/10 00:00:00,South,2023-03-10,249.5,0.0,Basic
T0688,C065,P04,Keyboard,Accessories,49.9,4,0.0,2023-06-01,North,2023-06-01,199.6,0.0,Basic
T0690,C027,P05,Desk,Furniture,189.0,2,0.15,2023-04-10,West,2023-04-10,321.3,56.7,Basic
T0691,C074,P01,Laptop,Electronics,999.99,3,0.2,2023-10-05T00:00:00Z,North,2023-10-05,2399.98,599.99,Premium
T0692,C097,P03,Monitor,Electronics,299.5,7,0.15,2023/11/06 00:00:00,West,2023-11-06,1782.02,314.47,Standard
T0693,C002,P02,Mouse,Accessories,19.99,9,0.05,2023/07/16 00:00:00,East,2023-07-16,170.91,9.0,Basic
T0694,C039,P02,Mouse,Accessories,19.99,8,0.0,2023-04-17,West,2023-04-17,159.92,0.0,Basic
T0695,C037,P03,Monitor,Electronics,299.5,4,0.05,2023-11-18T00:00:00Z,East,2023-11-18,1138.1,59.9,Standard
T0696,C016,P05,Desk,Furniture,189.0,8,0.0,2023/08/24 00:00:00,East,2023-08-24,1512.0,0.0,Standard
T0697,C077,P07,Webcam,Electronics,79.99,10,0.15,2023-06-20T00:00:00Z,North,2023-06-20,679.92,119.98,Standard
T0698,C073,P05,Desk,Furniture,189.0,5,0.15,2023/03/12 00:00:00,North,2023-03-12,803.25,141.75,Standard
T0699,C098,P03,Monitor,Electronics,299.5,2,0.0,2023-10-04T00:00:00Z,South,2023-10-04,599.0,0.0,Standard
T0700,C042,P08,Headset,Accessories,59.99,10,0.2,2023-06-07T00:00:00Z,South,2023-06-07,479.92,119.98,Basic
T0701,C087,P01,Laptop,Electronics,999.99,2,0.0,2023-09-30,South,2023-09-30,1999.98,0.0,Standard
T0702,C025,P06,Chair,Furniture,249.0,9,0.15,2023/03/15 00:00:00,West,2023-03-15,1904.85,336.15,Standard
T0703,C075,P03,Monitor,Electronics,299.5,7,0.1,2023-07-03T00:00:00Z,North,2023-07-03,1886.85,209.65,Standard
T0704,C044,P06,Chair,Furniture,249.0,9,0.15,2023-05-30,West,2023-05-30,1904.85,336.15,Standard
T0705,C073,P03,Monitor,Electronics,299.5,7,0.1,2023-10-11T00:00:00Z,North,2023-10-11,1886.85,209.65,Standard
T0707,C003,P05,Desk,Furniture,189.0,10,0.0,2023-09-24,West,2023-09-24,1890.0,0.0,Standard
T0708,C002,P08,Headset,Accessories,59.99,6,0.15,2023/08/17 00:00:00,North,2023-08-17,305.95,53.99,Basic
T0709,UNKNOWN,P03,Monitor,Electronics,299.5,4,0.05,2023-03-08,North,2023-03-08,1138.1,59.9,Standard
T0710,UNKNOWN,P08,Headset,Accessories,59.99,8,0.0,2023/09/01 00:00:00,North,2023-09-01,479.92,0.0,Basic
T0711,C075,P01,Laptop,Electronics,999.99,9,0.2,2023-10-18T00:00:00Z,West,2023-10-18,7199.93,1799.98,Premium
T0712,C044,P08,Headset,Accessories,59.99,5,0.0,2023/04/17 00:00:00,North,2023-04-17,299.95,0.0,Basic
T0713,C053,P05,Desk,Furniture,189.0,10,0.05,2023-09-15T00:00:00Z,East,2023-09-15,1795.5,94.5,Standard
T0714,C085,P04,Keyboard,Accessories,49.9,9,0.1,2023-03-26T00:00:00Z,North,2023-03-26,404.19,44.91,Basic
T0715,C001,P05,Desk,Furniture,189.0,6,0.1,2023-11-19T00:00:00Z,South,2023-11-19,1020.6,113.4,Standard
T0716,C080,P05,Desk,Furniture,189.0,5,0.05,2023/04/23 00:00:00,West,2023-04-23,897.75,47.25,Standard
T0717,C023,P07,Webcam,Electronics,79.99,3,0.0,2023/04/28 00:00:00,North,2023-04-28,239.97,0.0,Basic
T0718,C089,P01,Laptop,Electronics,999.99,2,0.15,2023-11-30T00:00:00Z,West,2023-11-30,1699.98,300.0,Standard
T0719,C082,P02,Mouse,Accessories,19.99,6,0.05,2023-02-02,North,2023-02-02,113.94,6.0,Basic
T0720,C096,P04,Keyboard,Accessories,49.9,3,0.0,2023-04-28T00:00:00Z,North,2023-04-28,149.7,0.0,Basic
T0721,C031,P07,Webcam,Electronics,79.99,4,0.15,2023-03-05,North,2023-03-05,271.97,47.99,Basic
T0722,C065,P03,Monitor,Electronics,299.5,5,0.0,2023-10-03,East,2023-10-03,1497.5,0.0,Standard
T0723,C012,P08,Headset,Accessories,59.99,10,0.2,2023/04/21 00:00:00,North,2023-04-21,479.92,119.98,Basic
T0724,C073,P03,Monitor,Electronics,299.5,6,0.15,2023-04-01T00:00:00Z,West,2023-04-01,1527.45,269.55,Standard
T0725,C044,P08,Headset,Accessories,59.99,8,0.0,2023-03-11,North,2023-03-11,479.92,0.0,Basic
T0726,C099,P05,Desk,Furniture,189.0,5,0.0,2023-02-08,South,2023-02-08,945.0,0.0,Standard
T0727,C014,P08,Headset,Accessories,59.99,5,0.1,2023-09-15T00:00:00Z,South,2023-09-15,269.96,30.0,Basic
T0728,C044,P06,Chair,Furniture,249.0,8,0.1,2023-08-28,West,2023-08-28,1792.8,199.2,Standard
T0729,C046,P03,Monitor,Electronics,299.5,6,0.0,2023-08-09,South,2023-08-09,1797.0,0.0,Standard
T0730,C056,P05,Desk,Furniture,189.0,6,0.1,2023-06-13,South,2023-06-13,1020.6,113.4,Standard
T0731,C078,P04,Keyboard,Accessories,49.9,6,0.05,2023-10-17T00:00:00Z,South,2023-10-17,284.43,14.97,Basic
T0732,C033,P03,Monitor,Electronics,299.5,6,0.2,2023-10-02T00:00:00Z,East,2023-10-02,1437.6,359.4,Standard
T0733,UNKNOWN,P02,Mouse,Accessories,19.99,10,0.05,2023-12-27,South,2023-12-27,189.9,9.99,Basic
T0734,C096,P05,Desk,Furniture,189.0,5,0.05,2023-04-13T00:00:00Z,South,2023-04-13,897.75,47.25,Standard
T0735,C052,P06,Chair,Furniture,249.0,4,0.15,2023/10/12 00:00:00,South,2023-10-12,846.6,149.4,Standard
T0736,UNKNOWN,P02,Mouse,Accessories,19.99,1,0.15,2023-04-14T00:00:00Z,South,2023-04-14,16.99,3.0,Basic
T0737,C082,P03,Monitor,Electronics,299.5,4,0.0,2023-06-22T00:00:00Z,North,2023-06-22,1198.0,0.0,Standard
T0738,C034,P08,Headset,Accessories,59.99,1,0.2,2023/04/09 00:00:00,East,2023-04-09,47.99,12.0,Basic
T0739,C042,P01,Laptop,Electronics,999.99,5,0.0,2023/12/13 00:00:00,East,2023-12-13,4999.95,0.0,Premium
T0740,C024,P02,Mouse,Accessories,19.99,10,0.0,2023-12-21T00:00:00Z,North,2023-12-21,199.9,0.0,Basic
T0741,C036,P04,Keyboard,Accessories,49.9,8,0.15,2023-03-26T00:00:00Z,North,2023-03-26,339.32,59.88,Basic
T0742,C076,P04,Keyboard,Accessories,49.9,1,0.05,2023-11-18T00:00:00Z,East,2023-11-18,47.4,2.5,Basic
T0743,UNKNOWN,P01,Laptop,Electronics,999.99,6,0.15,2023-06-12T00:00:00Z,East,2023-06-12,5099.95,899.99,Premium
T0744,C079,P06,Chair,Furniture,249.0,10,0.0,2023-06-04,South,2023-06-04,2490.0,0.0,Premium
T0745,C073,P07,Webcam,Electronics,79.99,5,0.15,2023-05-09,South,2023-05-09,339.96,59.99,Basic
T0746,C085,P02,Mouse,Accessories,19.99,4,0.1,2023-10-05,North,2023-10-05,71.96,8.0,Basic
T0747,C071,P03,Monitor,Electronics,299.5,9,0.05,2023-04-17T00:00:00Z,South,2023-04-17,2560.72,134.78,Premium
T0748,C028,P08,Headset,Accessories,59.99,1,0.15,2023-04-13,South,2023-04-13,50.99,9.0,Basic
T0749,C045,P08,Headset,Accessories,59.99,6,0.15,2023/02/28 00:00:00,East,2023-02-28,305.95,53.99,Basic
T0750,C043,P06,Chair,Furniture,249.0,1,0.0,2023-03-28,West,2023-03-28,249.0,0.0,Basic
T0751,C088,P01,Laptop,Electronics,999.99,5,0.15,2023-12-04T00:00:00Z,East,2023-12-04,4249.96,749.99,Premium
T0752,C084,P02,Mouse,Accessories,19.99,2,0.1,2023-11-21,South,2023-11-21,35.98,4.0,Basic
T0753,C079,P03,Monitor,Electronics,299.5,9,0.2,2023-12-21,North,2023-12-21,2156.4,539.1,Premium
T0754,C060,P07,Webcam,Electronics,79.99,7,0.15,2023/01/10 00:00:00,South,2023-01-10,475.94,83.99,Basic
T0755,C082,P05,Desk,Furniture,189.0,6,0.05,2023-09-02,South,2023-09-02,1077.3,56.7,Standard
T0756,C001,P02,Mouse,Accessories,19.99,6,0.2,2023-07-30T00:00:00Z,East,2023-07-30,95.95,23.99,Basic
T0757,C100,P07,Webcam,Electronics,79.99,2,0.2,2023/05/25 00:00:00,West,2023-05-25,127.98,32.0,Basic
T0758,C080,P01,Laptop,Electronics,999.99,5,0.0,2023-08-31,South,2023-08-31,4999.95,0.0,Premium
T0759,C003,P08,Headset,Accessories,59.99,1,0.15,2023-12-03T00:00:00Z,West,2023-12-03,50.99,9.0,Basic
T0760,C080,P01,Laptop,Electronics,999.99,7,0.15,2023/02/09 00:00:00,North,2023-02-09,5949.94,1049.99,Premium
T0761,C067,P04,Keyboard,Accessories,49.9,2,0.05,2023-07-02T00:00:00Z,East,2023-07-02,94.81,4.99,Basic
T0762,C092,P05,Desk,Furniture,189.0,2,0.1,2023-09-02T00:00:00Z,East,2023-09-02,340.2,37.8,Basic
T0763,C031,P02,Mouse,Accessories,19.99,4,0.05,2023/09/19 00:00:00,East,2023-09-19,75.96,4.0,Basic
T0764,C052,P07,Webcam,Electronics,79.99,9,0.2,2023-02-09T00:00:00Z,North,2023-02-09,575.93,143.98,Standard
T0765,UNKNOWN,P07,Webcam,Electronics,79.99,4,0.05,2023-12-12T00:00:00Z,West,2023-12-12,303.96,16.0,Basic
T0766,C077,P05,Desk,Furniture,189.0,3,0.15,2023/12/05 00:00:00,South,2023-12-05,481.95,85.05,Basic
T0767,C023,P07,Webcam,Electronics,79.99,1,0.05,2023-11-21T00:00:00Z,West,2023-11-21,75.99,4.0,Basic
T0768,C081,P05,Desk,Furniture,189.0,8,0.1,2023/12/20 00:00:00,South,2023-12-20,1360.8,151.2,Standard
T0769,C086,P08,Headset,Accessories,59.99,7,0.15,2023-12-29,West,2023-12-29,356.94,62.99,Basic
T0770,C084,P08,Headset,Accessories,59.99,6,0.0,2023-02-17,North,2023-02-17,359.94,0.0,Basic
T0771,C092,P07,Webcam,Electronics,79.99,4,0.05,2023-09-21,East,2023-09-21,303.96,16.0,Basic
T0773,C036,P07,Webcam,Electronics,79.99,10,0.05,2023/06/16 00:00:00,South,2023-06-16,759.9,40.0,Standard
T0774,C086,P05,Desk,Furniture,189.0,9,0.1,2023-09-15T00:00:00Z,North,2023-09-15,1530.9,170.1,Standard
T0775,C013,P08,Headset,Accessories,59.99,9,0.0,2023/06/07 00:00:00,West,2023-06-07,539.91,0.0,Standard
T0776,C088,P05,Desk,Furniture,189.0,3,0.0,2023-12-29T00:00:00Z,South,2023-12-29,567.0,0.0,Standard
T0777,C030,P04,Keyboard,Accessories,49.9,4,0.1,2023-08-01T00:00:00Z,East,2023-08-01,179.64,19.96,Basic
T0778,C070,P06,Chair,Furniture,249.0,8,0.2,2023-12-18T00:00:00Z,West,2023-12-18,1593.6,398.4,Standard
T0779,C011,P05,Desk,Furniture,189.0,4,0.2,2023/05/13 00:00:00,West,2023-05-13,604.8,151.2,Standard
T0780,C097,P02,Mouse,Accessories,19.99,1,0.0,2023/07/08 00:00:00,West,2023-07-08,19.99,0.0,Basic
T0781,C086,P07,Webcam,Electronics,79.99,10,0.15,2023-01-17,West,2023-01-17,679.92,119.98,Standard
T0782,C029,P04,Keyboard,Accessories,49.9,7,0.2,2023/04/16 00:00:00,North,2023-04-16,279.44,69.86,Basic
T0783,C046,P05,Desk,Furniture,189.0,8,0.0,2023-02-18,South,2023-02-18,1512.0,0.0,Standard
T0784,C061,P06,Chair,Furniture,249.0,1,0.0,2023/07/25 00:00:00,South,2023-07-25,249.0,0.0,Basic
T0785,C041,P03,Monitor,Electronics,299.5,3,0.0,2023/01/27 00:00:00,East,2023-01-27,898.5,0.0,Standard
T0786,C077,P08,Headset,Accessories,59.99,5,0.05,2023/05/28 00:00:00,South,2023-05-28,284.95,15.0,Basic
T0787,C077,P01,Laptop,Electronics,999.99,2,0.15,2023/03/28 00:00:00,East,2023-03-28,1699.98,300.0,Standard
T0788,C083,P07,Webcam,Electronics,79.99,5,0.0,2023/04/09 00:00:00,North,2023-04-09,399.95,0.0,Basic
T0789,C060,P05,Desk,Furniture,189.0,5,0.05,2023-02-07,North,2023-02-07,897.75,47.25,Standard
T0790,C089,P04,Keyboard,Accessories,49.9,7,0.0,2023-06-12,South,2023-06-12,349.3,0.0,Basic
T0791,C003,P04,Keyboard,Accessories,49.9,1,0.2,2023-06-12T00:00:00Z,South,2023-06-12,39.92,9.98,Basic
T0793,C012,P05,Desk,Furniture,189.0,1,0.2,2023/07/27 00:00:00,West,2023-07-27,151.2,37.8,Basic
T0794,C050,P07,Webcam,Electronics,79.99,5,0.1,2023/05/18 00:00:00,North,2023-05-18,359.96,40.0,Basic
T0795,C028,P05,Desk,Furniture,189.0,2,0.15,2023-01-13T00:00:00Z,North,2023-01-13,321.3,56.7,Basic
T0796,C072,P08,Headset,Accessories,59.99,6,0.05,2023/06/27 00:00:00,North,2023-06-27,341.94,18.0,Basic
T0797,C006,P04,Keyboard,Accessories,49.9,5,0.2,2023-12-26,East,2023-12-26,199.6,49.9,Basic
T0798,C059,P06,Chair,Furniture,249.0,1,0.1,2023-12-16T00:00:00Z,West,2023-12-16,224.1,24.9,Basic
T0799,C048,P03,Monitor,Electronics,299.5,8,0.0,2023-09-06,South,2023-09-06,2396.0,0.0,Premium
T0800,C088,P05,Desk,Furniture,189.0,9,0.1,2023-02-21,North,2023-02-21,1530.9,170.1,Standard
